Date,Country/Region,Confirmed,Recovered,Deaths,Confirmed/m,Recovered/m,Deaths/m
22/01/2020,Brazil,0,0,0,0,0,0
23/01/2020,Brazil,0,0,0,0,0,0
24/01/2020,Brazil,0,0,0,0,0,0
25/01/2020,Brazil,0,0,0,0,0,0
26/01/2020,Brazil,0,0,0,0,0,0
27/01/2020,Brazil,0,0,0,0,0,0
28/01/2020,Brazil,0,0,0,0,0,0
29/01/2020,Brazil,0,0,0,0,0,0
30/01/2020,Brazil,0,0,0,0,0,0
31/01/2020,Brazil,0,0,0,0,0,0
01/02/2020,Brazil,0,0,0,0,0,0
02/02/2020,Brazil,0,0,0,0,0,0
03/02/2020,Brazil,0,0,0,0,0,0
04/02/2020,Brazil,0,0,0,0,0,0
05/02/2020,Brazil,0,0,0,0,0,0
06/02/2020,Brazil,0,0,0,0,0,0
07/02/2020,Brazil,0,0,0,0,0,0
08/02/2020,Brazil,0,0,0,0,0,0
09/02/2020,Brazil,0,0,0,0,0,0
10/02/2020,Brazil,0,0,0,0,0,0
11/02/2020,Brazil,0,0,0,0,0,0
12/02/2020,Brazil,0,0,0,0,0,0
13/02/2020,Brazil,0,0,0,0,0,0
14/02/2020,Brazil,0,0,0,0,0,0
15/02/2020,Brazil,0,0,0,0,0,0
16/02/2020,Brazil,0,0,0,0,0,0
17/02/2020,Brazil,0,0,0,0,0,0
18/02/2020,Brazil,0,0,0,0,0,0
19/02/2020,Brazil,0,0,0,0,0,0
20/02/2020,Brazil,0,0,0,0,0,0
21/02/2020,Brazil,0,0,0,0,0,0
22/02/2020,Brazil,0,0,0,0,0,0
23/02/2020,Brazil,0,0,0,0,0,0
24/02/2020,Brazil,0,0,0,0,0,0
25/02/2020,Brazil,0,0,0,0,0,0
26/02/2020,Brazil,1,0,0,0.00477327,0,0
27/02/2020,Brazil,1,0,0,0.00477327,0,0
28/02/2020,Brazil,1,0,0,0.00477327,0,0
29/02/2020,Brazil,2,0,0,0.009546539,0,0
01/03/2020,Brazil,2,0,0,0.009546539,0,0
02/03/2020,Brazil,2,0,0,0.009546539,0,0
03/03/2020,Brazil,2,0,0,0.009546539,0,0
04/03/2020,Brazil,4,0,0,0.019093079,0,0
05/03/2020,Brazil,4,0,0,0.019093079,0,0
06/03/2020,Brazil,13,0,0,0.062052506,0,0
07/03/2020,Brazil,13,0,0,0.062052506,0,0
08/03/2020,Brazil,20,0,0,0.095465394,0,0
09/03/2020,Brazil,25,0,0,0.119331742,0,0
10/03/2020,Brazil,31,0,0,0.14797136,0,0
11/03/2020,Brazil,38,0,0,0.181384248,0,0
12/03/2020,Brazil,52,0,0,0.248210024,0,0
13/03/2020,Brazil,151,0,0,0.720763723,0,0
14/03/2020,Brazil,151,0,0,0.720763723,0,0
15/03/2020,Brazil,162,0,0,0.77326969,0,0
16/03/2020,Brazil,200,1,0,0.954653938,0.00477327,0
17/03/2020,Brazil,321,2,1,1.53221957,0.009546539,0.00477327
18/03/2020,Brazil,372,2,3,1.775656325,0.009546539,0.014319809
19/03/2020,Brazil,621,2,6,2.964200477,0.009546539,0.028639618
20/03/2020,Brazil,793,2,11,3.785202864,0.009546539,0.052505967
21/03/2020,Brazil,1021,2,15,4.873508353,0.009546539,0.071599045
22/03/2020,Brazil,1546,2,25,7.37947494,0.009546539,0.119331742
23/03/2020,Brazil,1924,2,34,9.183770883,0.009546539,0.162291169
24/03/2020,Brazil,2247,2,46,10.72553699,0.009546539,0.219570406
25/03/2020,Brazil,2554,2,59,12.19093079,0.009546539,0.281622912
26/03/2020,Brazil,2985,6,77,14.24821002,0.028639618,0.367541766
27/03/2020,Brazil,3417,6,92,16.31026253,0.028639618,0.439140811
28/03/2020,Brazil,3904,6,111,18.63484487,0.028639618,0.529832936
29/03/2020,Brazil,4256,6,136,20.3150358,0.028639618,0.649164678
30/03/2020,Brazil,4579,120,159,21.85680191,0.572792363,0.758949881
31/03/2020,Brazil,5717,127,201,27.28878282,0.606205251,0.959427208
01/04/2020,Brazil,6836,127,240,32.6300716,0.606205251,1.145584726
02/04/2020,Brazil,8044,127,324,38.39618138,0.606205251,1.546539379
03/04/2020,Brazil,9056,127,359,43.22673031,0.606205251,1.713603819
04/04/2020,Brazil,10360,127,445,49.45107399,0.606205251,2.124105012
05/04/2020,Brazil,11130,127,486,53.12649165,0.606205251,2.319809069
06/04/2020,Brazil,12161,127,564,58.0477327,0.606205251,2.692124105
07/04/2020,Brazil,14034,127,686,66.98806683,0.606205251,3.274463007
08/04/2020,Brazil,16170,127,819,77.18377088,0.606205251,3.909307876
09/04/2020,Brazil,18092,173,950,86.35799523,0.825775656,4.534606205
10/04/2020,Brazil,19638,173,1057,93.73747017,0.825775656,5.045346062
11/04/2020,Brazil,20727,173,1124,98.93556086,0.825775656,5.365155131
12/04/2020,Brazil,22192,173,1223,105.928401,0.825775656,5.837708831
13/04/2020,Brazil,23430,173,1328,111.8377088,0.825775656,6.338902148
14/04/2020,Brazil,25262,3046,1532,120.5823389,14.53937947,7.312649165
15/04/2020,Brazil,28320,14026,1736,135.1789976,66.94988067,8.286396181
16/04/2020,Brazil,30425,14026,1924,145.2267303,66.94988067,9.183770883
17/04/2020,Brazil,33682,14026,2141,160.7732697,66.94988067,10.21957041
18/04/2020,Brazil,36658,14026,2354,174.9785203,66.94988067,11.23627685
19/04/2020,Brazil,38654,22130,2462,184.5059666,105.6324582,11.75178998
20/04/2020,Brazil,40743,22130,2587,194.477327,105.6324582,12.34844869
21/04/2020,Brazil,43079,22991,2741,205.627685,109.7422434,13.08353222
22/04/2020,Brazil,45757,25318,2906,218.4105012,120.849642,13.87112172
23/04/2020,Brazil,50036,26573,3331,238.8353222,126.8400955,15.89976134
24/04/2020,Brazil,54043,27655,3704,257.9618138,132.0047733,17.68019093
25/04/2020,Brazil,59324,29160,4057,283.1694511,139.1885442,19.36515513
26/04/2020,Brazil,63100,30152,4286,301.1933174,143.9236277,20.45823389
27/04/2020,Brazil,67446,31142,4603,321.9379475,148.6491647,21.97136038
28/04/2020,Brazil,73235,32544,5083,349.5704057,155.3412888,24.26252983
29/04/2020,Brazil,79685,34132,5513,380.3579952,162.9212411,26.3150358
30/04/2020,Brazil,87187,35935,6006,416.1670644,171.5274463,28.66825776
01/05/2020,Brazil,92202,38039,6412,440.1050119,181.5704057,30.60620525
02/05/2020,Brazil,97100,40937,6761,463.4844869,195.4033413,32.27207637
03/05/2020,Brazil,101826,42991,7051,486.0429594,205.2076372,33.65632458
04/05/2020,Brazil,108620,45815,7367,518.4725537,218.6873508,35.1646778
05/05/2020,Brazil,115455,48221,7938,551.097852,230.1718377,37.8902148
06/05/2020,Brazil,126611,51370,8588,604.3484487,245.202864,40.9928401
07/05/2020,Brazil,135773,55350,9190,648.0811456,264.2004773,43.86634845
08/05/2020,Brazil,146894,59297,10017,701.1646778,283.0405728,47.81384248
09/05/2020,Brazil,156061,61685,10656,744.9212411,294.4391408,50.86396181
10/05/2020,Brazil,162699,64957,11123,776.6062053,310.0572792,53.09307876
11/05/2020,Brazil,169594,67384,11653,809.5178998,321.6420048,55.62291169
12/05/2020,Brazil,178214,72597,12461,850.6634845,346.5250597,59.4797136
13/05/2020,Brazil,190137,78424,13240,907.575179,374.3389021,63.19809069
14/05/2020,Brazil,203165,79479,13999,969.7613365,379.3747017,66.82100239
15/05/2020,Brazil,220291,84970,14962,1051.508353,405.5847255,71.4176611
22/01/2020,France,0,0,0,0,0,0
23/01/2020,France,0,0,0,0,0,0
24/01/2020,France,2,0,0,0.029850746,0,0
25/01/2020,France,3,0,0,0.044776119,0,0
26/01/2020,France,3,0,0,0.044776119,0,0
27/01/2020,France,3,0,0,0.044776119,0,0
28/01/2020,France,4,0,0,0.059701493,0,0
29/01/2020,France,5,0,0,0.074626866,0,0
30/01/2020,France,5,0,0,0.074626866,0,0
31/01/2020,France,5,0,0,0.074626866,0,0
01/02/2020,France,6,0,0,0.089552239,0,0
02/02/2020,France,6,0,0,0.089552239,0,0
03/02/2020,France,6,0,0,0.089552239,0,0
04/02/2020,France,6,0,0,0.089552239,0,0
05/02/2020,France,6,0,0,0.089552239,0,0
06/02/2020,France,6,0,0,0.089552239,0,0
07/02/2020,France,6,0,0,0.089552239,0,0
08/02/2020,France,11,0,0,0.164179104,0,0
09/02/2020,France,11,0,0,0.164179104,0,0
10/02/2020,France,11,0,0,0.164179104,0,0
11/02/2020,France,11,0,0,0.164179104,0,0
12/02/2020,France,11,2,0,0.164179104,0.029850746,0
13/02/2020,France,11,2,0,0.164179104,0.029850746,0
14/02/2020,France,11,2,0,0.164179104,0.029850746,0
15/02/2020,France,12,4,1,0.179104478,0.059701493,0.014925373
16/02/2020,France,12,4,1,0.179104478,0.059701493,0.014925373
17/02/2020,France,12,4,1,0.179104478,0.059701493,0.014925373
18/02/2020,France,12,4,1,0.179104478,0.059701493,0.014925373
19/02/2020,France,12,4,1,0.179104478,0.059701493,0.014925373
20/02/2020,France,12,4,1,0.179104478,0.059701493,0.014925373
21/02/2020,France,12,4,1,0.179104478,0.059701493,0.014925373
22/02/2020,France,12,4,1,0.179104478,0.059701493,0.014925373
23/02/2020,France,12,4,1,0.179104478,0.059701493,0.014925373
24/02/2020,France,12,4,1,0.179104478,0.059701493,0.014925373
25/02/2020,France,14,11,1,0.208955224,0.164179104,0.014925373
26/02/2020,France,18,11,2,0.268656716,0.164179104,0.029850746
27/02/2020,France,38,11,2,0.567164179,0.164179104,0.029850746
28/02/2020,France,57,11,2,0.850746269,0.164179104,0.029850746
29/02/2020,France,100,12,2,1.492537313,0.179104478,0.029850746
01/03/2020,France,130,12,2,1.940298507,0.179104478,0.029850746
02/03/2020,France,191,12,3,2.850746269,0.179104478,0.044776119
03/03/2020,France,204,12,4,3.044776119,0.179104478,0.059701493
04/03/2020,France,285,12,4,4.253731343,0.179104478,0.059701493
05/03/2020,France,377,12,6,5.626865672,0.179104478,0.089552239
06/03/2020,France,653,12,9,9.746268657,0.179104478,0.134328358
07/03/2020,France,949,12,11,14.1641791,0.179104478,0.164179104
08/03/2020,France,1126,12,19,16.80597015,0.179104478,0.28358209
09/03/2020,France,1209,12,19,18.04477612,0.179104478,0.28358209
10/03/2020,France,1784,12,33,26.62686567,0.179104478,0.492537313
11/03/2020,France,2281,12,48,34.04477612,0.179104478,0.71641791
12/03/2020,France,2281,12,48,34.04477612,0.179104478,0.71641791
13/03/2020,France,3661,12,79,54.64179104,0.179104478,1.179104478
14/03/2020,France,4469,12,91,66.70149254,0.179104478,1.358208955
15/03/2020,France,4499,12,91,67.14925373,0.179104478,1.358208955
16/03/2020,France,6633,12,148,99,0.179104478,2.208955224
17/03/2020,France,7652,12,148,114.2089552,0.179104478,2.208955224
18/03/2020,France,9043,12,148,134.9701493,0.179104478,2.208955224
19/03/2020,France,10871,12,243,162.2537313,0.179104478,3.626865672
20/03/2020,France,12612,12,450,188.238806,0.179104478,6.71641791
21/03/2020,France,14282,12,562,213.1641791,0.179104478,8.388059701
22/03/2020,France,16018,2200,674,239.0746269,32.8358209,10.05970149
23/03/2020,France,19856,2200,860,296.358209,32.8358209,12.8358209
24/03/2020,France,22304,3243,1100,332.8955224,48.40298507,16.41791045
25/03/2020,France,25233,3900,1331,376.6119403,58.20895522,19.86567164
26/03/2020,France,29155,4948,1696,435.1492537,73.85074627,25.31343284
27/03/2020,France,32964,5700,1995,492,85.07462687,29.7761194
28/03/2020,France,37575,5700,2314,560.8208955,85.07462687,34.53731343
29/03/2020,France,40174,7202,2606,599.6119403,107.4925373,38.89552239
30/03/2020,France,44550,7927,3024,664.9253731,118.3134328,45.13432836
31/03/2020,France,52128,9444,3523,778.0298507,140.9552239,52.58208955
01/04/2020,France,56989,10934,4403,850.5820896,163.1940299,65.71641791
02/04/2020,France,59105,12428,5387,882.1641791,185.4925373,80.40298507
03/04/2020,France,64338,14008,6507,960.2686567,209.0746269,97.11940299
04/04/2020,France,68605,15438,7560,1023.955224,230.4179104,112.8358209
05/04/2020,France,70478,16183,8078,1051.910448,241.5373134,120.5671642
06/04/2020,France,74390,17250,8911,1110.298507,257.4626866,133
07/04/2020,France,78167,19337,10328,1166.671642,288.6119403,154.1492537
08/04/2020,France,82048,21254,10869,1224.597015,317.2238806,162.2238806
09/04/2020,France,86334,23206,12210,1288.567164,346.358209,182.238806
10/04/2020,France,90676,24932,13197,1353.373134,372.119403,196.9701493
11/04/2020,France,93790,26391,13832,1399.850746,393.8955224,206.4477612
12/04/2020,France,120633,27186,14393,1800.492537,405.761194,214.8208955
13/04/2020,France,124298,27718,14967,1855.19403,413.7014925,223.3880597
14/04/2020,France,129257,28512,15712,1929.208955,425.5522388,234.5074627
15/04/2020,France,132473,30440,17148,1977.208955,454.3283582,255.9402985
16/04/2020,France,144944,32297,17901,2163.343284,482.0447761,267.1791045
17/04/2020,France,146923,33834,18661,2192.880597,504.9850746,278.5223881
18/04/2020,France,146906,35379,19303,2192.626866,528.0447761,288.1044776
19/04/2020,France,151808,35973,19694,2265.791045,536.9104478,293.9402985
20/04/2020,France,154188,36782,20240,2301.313433,548.9850746,302.0895522
21/04/2020,France,156921,38543,20765,2342.104478,575.2686567,309.9253731
22/04/2020,France,154715,39988,21309,2309.179104,596.8358209,318.0447761
23/04/2020,France,157026,41414,21825,2343.671642,618.119403,325.7462687
24/04/2020,France,158636,42715,22214,2367.701493,637.5373134,331.5522388
25/04/2020,France,160292,43816,22583,2392.41791,653.9701493,337.0597015
26/04/2020,France,160847,44125,22825,2400.701493,658.5820896,340.6716418
27/04/2020,France,164589,44733,23262,2456.552239,667.6567164,347.1940299
28/04/2020,France,167605,45997,23629,2501.567164,686.5223881,352.6716418
29/04/2020,France,165093,47338,24056,2464.074627,706.5373134,359.0447761
30/04/2020,France,165764,48572,24345,2474.089552,724.9552239,363.358209
01/05/2020,France,165764,49300,24563,2474.089552,735.8208955,366.6119403
02/05/2020,France,166976,49751,24729,2492.179104,742.5522388,369.0895522
03/05/2020,France,167272,49973,24864,2496.597015,745.8656716,371.1044776
04/05/2020,France,167886,50438,25168,2505.761194,752.8059701,375.641791
05/05/2020,France,168935,51803,25498,2521.41791,773.1791045,380.5671642
06/05/2020,France,172465,53022,25772,2574.104478,791.3731343,384.6567164
07/05/2020,France,173040,54076,25949,2582.686567,807.1044776,387.2985075
08/05/2020,France,174318,54770,26192,2601.761194,817.4626866,390.9253731
09/05/2020,France,174758,54886,26271,2608.328358,819.1940299,392.1044776
10/05/2020,France,175027,55062,26341,2612.343284,821.8208955,393.1492537
11/05/2020,France,175479,55569,26604,2619.089552,829.3880597,397.0746269
12/05/2020,France,176207,56617,26951,2629.955224,845.0298507,402.2537313
13/05/2020,France,175981,57368,27032,2626.58209,856.238806,403.4626866
14/05/2020,France,176712,58300,27381,2637.492537,870.1492537,408.6716418
15/05/2020,France,177319,59143,27485,2646.552239,882.7313433,410.2238806
22/01/2020,Germany,0,0,0,0,0,0
23/01/2020,Germany,0,0,0,0,0,0
24/01/2020,Germany,0,0,0,0,0,0
25/01/2020,Germany,0,0,0,0,0,0
26/01/2020,Germany,0,0,0,0,0,0
27/01/2020,Germany,1,0,0,0.012048193,0,0
28/01/2020,Germany,4,0,0,0.048192771,0,0
29/01/2020,Germany,4,0,0,0.048192771,0,0
30/01/2020,Germany,4,0,0,0.048192771,0,0
31/01/2020,Germany,5,0,0,0.060240964,0,0
01/02/2020,Germany,8,0,0,0.096385542,0,0
02/02/2020,Germany,10,0,0,0.120481928,0,0
03/02/2020,Germany,12,0,0,0.144578313,0,0
04/02/2020,Germany,12,0,0,0.144578313,0,0
05/02/2020,Germany,12,0,0,0.144578313,0,0
06/02/2020,Germany,12,0,0,0.144578313,0,0
07/02/2020,Germany,13,0,0,0.156626506,0,0
08/02/2020,Germany,13,0,0,0.156626506,0,0
09/02/2020,Germany,14,0,0,0.168674699,0,0
10/02/2020,Germany,14,0,0,0.168674699,0,0
11/02/2020,Germany,16,0,0,0.192771084,0,0
12/02/2020,Germany,16,0,0,0.192771084,0,0
13/02/2020,Germany,16,1,0,0.192771084,0.012048193,0
14/02/2020,Germany,16,1,0,0.192771084,0.012048193,0
15/02/2020,Germany,16,1,0,0.192771084,0.012048193,0
16/02/2020,Germany,16,1,0,0.192771084,0.012048193,0
17/02/2020,Germany,16,1,0,0.192771084,0.012048193,0
18/02/2020,Germany,16,12,0,0.192771084,0.144578313,0
19/02/2020,Germany,16,12,0,0.192771084,0.144578313,0
20/02/2020,Germany,16,12,0,0.192771084,0.144578313,0
21/02/2020,Germany,16,14,0,0.192771084,0.168674699,0
22/02/2020,Germany,16,14,0,0.192771084,0.168674699,0
23/02/2020,Germany,16,14,0,0.192771084,0.168674699,0
24/02/2020,Germany,16,14,0,0.192771084,0.168674699,0
25/02/2020,Germany,17,14,0,0.204819277,0.168674699,0
26/02/2020,Germany,27,15,0,0.325301205,0.180722892,0
27/02/2020,Germany,46,16,0,0.554216867,0.192771084,0
28/02/2020,Germany,48,16,0,0.578313253,0.192771084,0
29/02/2020,Germany,79,16,0,0.951807229,0.192771084,0
01/03/2020,Germany,130,16,0,1.56626506,0.192771084,0
02/03/2020,Germany,159,16,0,1.915662651,0.192771084,0
03/03/2020,Germany,196,16,0,2.361445783,0.192771084,0
04/03/2020,Germany,262,16,0,3.156626506,0.192771084,0
05/03/2020,Germany,482,16,0,5.807228916,0.192771084,0
06/03/2020,Germany,670,17,0,8.072289157,0.204819277,0
07/03/2020,Germany,799,18,0,9.626506024,0.21686747,0
08/03/2020,Germany,1040,18,0,12.53012048,0.21686747,0
09/03/2020,Germany,1176,18,2,14.1686747,0.21686747,0.024096386
10/03/2020,Germany,1457,18,2,17.55421687,0.21686747,0.024096386
11/03/2020,Germany,1908,25,3,22.98795181,0.301204819,0.036144578
12/03/2020,Germany,2078,25,3,25.03614458,0.301204819,0.036144578
13/03/2020,Germany,3675,46,7,44.27710843,0.554216867,0.084337349
14/03/2020,Germany,4585,46,9,55.24096386,0.554216867,0.108433735
15/03/2020,Germany,5795,46,11,69.81927711,0.554216867,0.13253012
16/03/2020,Germany,7272,67,17,87.61445783,0.807228916,0.204819277
17/03/2020,Germany,9257,67,24,111.5301205,0.807228916,0.289156627
18/03/2020,Germany,12327,105,28,148.5180723,1.265060241,0.337349398
19/03/2020,Germany,15320,113,44,184.5783133,1.361445783,0.530120482
20/03/2020,Germany,19848,180,67,239.1325301,2.168674699,0.807228916
21/03/2020,Germany,22213,233,84,267.626506,2.807228916,1.012048193
22/03/2020,Germany,24873,266,94,299.6746988,3.204819277,1.13253012
23/03/2020,Germany,29056,266,123,350.0722892,3.204819277,1.481927711
24/03/2020,Germany,32986,3243,157,397.4216867,39.07228916,1.891566265
25/03/2020,Germany,37323,3547,206,449.6746988,42.73493976,2.481927711
26/03/2020,Germany,43938,5673,267,529.373494,68.34939759,3.21686747
27/03/2020,Germany,50871,6658,342,612.9036145,80.21686747,4.120481928
28/03/2020,Germany,57695,8481,433,695.1204819,102.1807229,5.21686747
29/03/2020,Germany,62095,9211,533,748.1325301,110.9759036,6.421686747
30/03/2020,Germany,66885,13500,645,805.8433735,162.6506024,7.771084337
31/03/2020,Germany,71808,16100,775,865.1566265,193.9759036,9.337349398
01/04/2020,Germany,77872,18700,920,938.2168675,225.3012048,11.08433735
02/04/2020,Germany,84794,22440,1107,1021.614458,270.3614458,13.3373494
03/04/2020,Germany,91159,24575,1275,1098.301205,296.0843373,15.36144578
04/04/2020,Germany,96092,26400,1444,1157.73494,318.0722892,17.39759036
05/04/2020,Germany,100123,28700,1584,1206.301205,345.7831325,19.08433735
06/04/2020,Germany,103374,28700,1810,1245.46988,345.7831325,21.80722892
07/04/2020,Germany,107663,36081,2016,1297.144578,434.7108434,24.28915663
08/04/2020,Germany,113296,46300,2349,1365.012048,557.8313253,28.30120482
09/04/2020,Germany,118181,52407,2607,1423.86747,631.4096386,31.40963855
10/04/2020,Germany,122171,53913,2767,1471.939759,649.5542169,33.3373494
11/04/2020,Germany,124908,57400,2736,1504.915663,691.5662651,32.96385542
12/04/2020,Germany,127854,60300,3022,1540.409639,726.5060241,36.40963855
13/04/2020,Germany,130072,64300,3194,1567.13253,774.6987952,38.48192771
14/04/2020,Germany,131359,68200,3294,1582.638554,821.686747,39.68674699
15/04/2020,Germany,134753,72600,3804,1623.53012,874.6987952,45.8313253
16/04/2020,Germany,137698,77000,4052,1659.012048,927.7108434,48.81927711
17/04/2020,Germany,141397,83114,4352,1703.578313,1001.373494,52.43373494
18/04/2020,Germany,143342,85400,4459,1727.012048,1028.915663,53.72289157
19/04/2020,Germany,145184,88000,4586,1749.204819,1060.240964,55.25301205
20/04/2020,Germany,147065,91500,4862,1771.86747,1102.409639,58.57831325
21/04/2020,Germany,148291,95200,5033,1786.638554,1146.987952,60.63855422
22/04/2020,Germany,150648,99400,5279,1815.036145,1197.590361,63.60240964
23/04/2020,Germany,153129,103300,5575,1844.927711,1244.578313,67.1686747
24/04/2020,Germany,154999,109800,5760,1867.457831,1322.891566,69.39759036
25/04/2020,Germany,156513,109800,5877,1885.698795,1322.891566,70.80722892
26/04/2020,Germany,157770,112000,5976,1900.843373,1349.39759,72
27/04/2020,Germany,158758,114500,6126,1912.746988,1379.518072,73.80722892
28/04/2020,Germany,159912,117400,6314,1926.650602,1414.457831,76.07228916
29/04/2020,Germany,161539,120400,6467,1946.253012,1450.60241,77.91566265
30/04/2020,Germany,163009,123500,6623,1963.963855,1487.951807,79.79518072
01/05/2020,Germany,164077,126900,6736,1976.831325,1528.915663,81.15662651
02/05/2020,Germany,164967,129000,6812,1987.554217,1554.216867,82.07228916
03/05/2020,Germany,165664,130600,6866,1995.951807,1573.493976,82.72289157
04/05/2020,Germany,166152,132700,6993,2001.831325,1598.795181,84.25301205
05/05/2020,Germany,167007,135100,6993,2012.13253,1627.710843,84.25301205
06/05/2020,Germany,168162,139900,7275,2026.048193,1685.542169,87.65060241
07/05/2020,Germany,169430,141700,7392,2041.325301,1707.228916,89.06024096
08/05/2020,Germany,170588,141700,7510,2055.277108,1707.228916,90.48192771
09/05/2020,Germany,171324,143300,7549,2064.144578,1726.506024,90.95180723
10/05/2020,Germany,171879,144400,7569,2070.831325,1739.759036,91.19277108
11/05/2020,Germany,172576,145617,7661,2079.228916,1754.421687,92.30120482
12/05/2020,Germany,173171,147200,7738,2086.39759,1773.493976,93.22891566
13/05/2020,Germany,174098,148700,7861,2097.566265,1791.566265,94.71084337
14/05/2020,Germany,174478,150300,7884,2102.144578,1810.843373,94.98795181
15/05/2020,Germany,175233,151597,7897,2111.240964,1826.46988,95.14457831
22/01/2020,Iran,0,0,0,0,0,0
23/01/2020,Iran,0,0,0,0,0,0
24/01/2020,Iran,0,0,0,0,0,0
25/01/2020,Iran,0,0,0,0,0,0
26/01/2020,Iran,0,0,0,0,0,0
27/01/2020,Iran,0,0,0,0,0,0
28/01/2020,Iran,0,0,0,0,0,0
29/01/2020,Iran,0,0,0,0,0,0
30/01/2020,Iran,0,0,0,0,0,0
31/01/2020,Iran,0,0,0,0,0,0
01/02/2020,Iran,0,0,0,0,0,0
02/02/2020,Iran,0,0,0,0,0,0
03/02/2020,Iran,0,0,0,0,0,0
04/02/2020,Iran,0,0,0,0,0,0
05/02/2020,Iran,0,0,0,0,0,0
06/02/2020,Iran,0,0,0,0,0,0
07/02/2020,Iran,0,0,0,0,0,0
08/02/2020,Iran,0,0,0,0,0,0
09/02/2020,Iran,0,0,0,0,0,0
10/02/2020,Iran,0,0,0,0,0,0
11/02/2020,Iran,0,0,0,0,0,0
12/02/2020,Iran,0,0,0,0,0,0
13/02/2020,Iran,0,0,0,0,0,0
14/02/2020,Iran,0,0,0,0,0,0
15/02/2020,Iran,0,0,0,0,0,0
16/02/2020,Iran,0,0,0,0,0,0
17/02/2020,Iran,0,0,0,0,0,0
18/02/2020,Iran,0,0,0,0,0,0
19/02/2020,Iran,2,0,2,0.024390244,0,0.024390244
20/02/2020,Iran,5,0,2,0.06097561,0,0.024390244
21/02/2020,Iran,18,0,4,0.219512195,0,0.048780488
22/02/2020,Iran,28,0,5,0.341463415,0,0.06097561
23/02/2020,Iran,43,0,8,0.524390244,0,0.097560976
24/02/2020,Iran,61,0,12,0.743902439,0,0.146341463
25/02/2020,Iran,95,0,16,1.158536585,0,0.195121951
26/02/2020,Iran,139,49,19,1.695121951,0.597560976,0.231707317
27/02/2020,Iran,245,49,26,2.987804878,0.597560976,0.317073171
28/02/2020,Iran,388,73,34,4.731707317,0.890243902,0.414634146
29/02/2020,Iran,593,123,43,7.231707317,1.5,0.524390244
01/03/2020,Iran,978,175,54,11.92682927,2.134146341,0.658536585
02/03/2020,Iran,1501,291,66,18.30487805,3.548780488,0.804878049
03/03/2020,Iran,2336,291,77,28.48780488,3.548780488,0.93902439
04/03/2020,Iran,2922,552,92,35.63414634,6.731707317,1.12195122
05/03/2020,Iran,3513,739,107,42.84146341,9.012195122,1.304878049
06/03/2020,Iran,4747,913,124,57.8902439,11.13414634,1.512195122
07/03/2020,Iran,5823,1669,145,71.01219512,20.35365854,1.768292683
08/03/2020,Iran,6566,2134,194,80.07317073,26.02439024,2.365853659
09/03/2020,Iran,7161,2394,237,87.32926829,29.19512195,2.890243902
10/03/2020,Iran,8042,2731,291,98.07317073,33.30487805,3.548780488
11/03/2020,Iran,9000,2959,354,109.7560976,36.08536585,4.317073171
12/03/2020,Iran,10075,2959,429,122.8658537,36.08536585,5.231707317
13/03/2020,Iran,11364,2959,514,138.5853659,36.08536585,6.268292683
14/03/2020,Iran,12729,2959,611,155.2317073,36.08536585,7.451219512
15/03/2020,Iran,13938,4590,724,169.9756098,55.97560976,8.829268293
16/03/2020,Iran,14991,4590,853,182.8170732,55.97560976,10.40243902
17/03/2020,Iran,16169,5389,988,197.1829268,65.7195122,12.04878049
18/03/2020,Iran,17361,5389,1135,211.7195122,65.7195122,13.84146341
19/03/2020,Iran,18407,5710,1284,224.4756098,69.63414634,15.65853659
20/03/2020,Iran,19644,6745,1433,239.5609756,82.25609756,17.47560976
21/03/2020,Iran,20610,7635,1556,251.3414634,93.1097561,18.97560976
22/03/2020,Iran,21638,7931,1685,263.8780488,96.7195122,20.54878049
23/03/2020,Iran,23049,7931,1812,281.0853659,96.7195122,22.09756098
24/03/2020,Iran,24811,8913,1934,302.5731707,108.695122,23.58536585
25/03/2020,Iran,27017,9625,2077,329.4756098,117.3780488,25.32926829
26/03/2020,Iran,29406,10457,2234,358.6097561,127.5243902,27.24390244
27/03/2020,Iran,32332,11133,2378,394.2926829,135.7682927,29
28/03/2020,Iran,35408,11679,2517,431.804878,142.4268293,30.69512195
29/03/2020,Iran,38309,12391,2640,467.1829268,151.1097561,32.19512195
30/03/2020,Iran,41495,13911,2757,506.0365854,169.6463415,33.62195122
31/03/2020,Iran,44605,14656,2898,543.9634146,178.7317073,35.34146341
01/04/2020,Iran,47593,15473,3036,580.402439,188.695122,37.02439024
02/04/2020,Iran,50468,16711,3160,615.4634146,203.7926829,38.53658537
03/04/2020,Iran,53183,17935,3294,648.5731707,218.7195122,40.17073171
04/04/2020,Iran,55743,19736,3452,679.7926829,240.6829268,42.09756098
05/04/2020,Iran,58226,19736,3603,710.0731707,240.6829268,43.93902439
06/04/2020,Iran,60500,24236,3739,737.804878,295.5609756,45.59756098
07/04/2020,Iran,62589,27039,3872,763.2804878,329.7439024,47.2195122
08/04/2020,Iran,64586,29812,3993,787.6341463,363.5609756,48.69512195
09/04/2020,Iran,66220,32309,4110,807.5609756,394.0121951,50.12195122
10/04/2020,Iran,68192,35465,4232,831.6097561,432.5,51.6097561
11/04/2020,Iran,70029,41947,4357,854.0121951,511.5487805,53.13414634
12/04/2020,Iran,71686,43894,4474,874.2195122,535.2926829,54.56097561
13/04/2020,Iran,73303,45983,4585,893.9390244,560.7682927,55.91463415
14/04/2020,Iran,74877,48129,4683,913.1341463,586.9390244,57.1097561
15/04/2020,Iran,76389,49933,4777,931.5731707,608.9390244,58.25609756
16/04/2020,Iran,77995,52229,4869,951.1585366,636.9390244,59.37804878
17/04/2020,Iran,79494,54064,4958,969.4390244,659.3170732,60.46341463
18/04/2020,Iran,80868,55987,5031,986.195122,682.7682927,61.35365854
19/04/2020,Iran,82211,57023,5118,1002.573171,695.402439,62.41463415
20/04/2020,Iran,83505,59273,5209,1018.353659,722.8414634,63.52439024
21/04/2020,Iran,84802,60965,5297,1034.170732,743.4756098,64.59756098
22/04/2020,Iran,85996,63113,5391,1048.731707,769.6707317,65.74390244
23/04/2020,Iran,87026,64843,5481,1061.292683,790.7682927,66.84146341
24/04/2020,Iran,88194,66599,5574,1075.536585,812.1829268,67.97560976
25/04/2020,Iran,89328,68193,5650,1089.365854,831.6219512,68.90243902
26/04/2020,Iran,90481,69657,5710,1103.426829,849.4756098,69.63414634
27/04/2020,Iran,91472,70933,5806,1115.512195,865.0365854,70.80487805
28/04/2020,Iran,92584,72439,5877,1129.073171,883.402439,71.67073171
29/04/2020,Iran,93657,73791,5957,1142.158537,899.8902439,72.64634146
30/04/2020,Iran,94640,75103,6028,1154.146341,915.8902439,73.51219512
01/05/2020,Iran,95646,76318,6091,1166.414634,930.7073171,74.2804878
02/05/2020,Iran,96448,77350,6156,1176.195122,943.2926829,75.07317073
03/05/2020,Iran,97424,78422,6203,1188.097561,956.3658537,75.64634146
04/05/2020,Iran,98647,79379,6277,1203.012195,968.0365854,76.54878049
05/05/2020,Iran,99970,80475,6340,1219.146341,981.402439,77.31707317
06/05/2020,Iran,101650,81587,6418,1239.634146,994.9634146,78.26829268
07/05/2020,Iran,103135,82744,6486,1257.743902,1009.073171,79.09756098
08/05/2020,Iran,104691,83837,6541,1276.719512,1022.402439,79.76829268
09/05/2020,Iran,106220,85064,6589,1295.365854,1037.365854,80.35365854
10/05/2020,Iran,107603,86143,6640,1312.231707,1050.52439,80.97560976
11/05/2020,Iran,109286,87422,6685,1332.756098,1066.121951,81.52439024
12/05/2020,Iran,110767,88357,6733,1350.817073,1077.52439,82.1097561
13/05/2020,Iran,112725,89428,6783,1374.695122,1090.585366,82.7195122
14/05/2020,Iran,114533,90539,6854,1396.743902,1104.134146,83.58536585
15/05/2020,Iran,116635,91836,6902,1422.378049,1119.95122,84.17073171
22/01/2020,Ireland,0,0,0,0,0,0
23/01/2020,Ireland,0,0,0,0,0,0
24/01/2020,Ireland,0,0,0,0,0,0
25/01/2020,Ireland,0,0,0,0,0,0
26/01/2020,Ireland,0,0,0,0,0,0
27/01/2020,Ireland,0,0,0,0,0,0
28/01/2020,Ireland,0,0,0,0,0,0
29/01/2020,Ireland,0,0,0,0,0,0
30/01/2020,Ireland,0,0,0,0,0,0
31/01/2020,Ireland,0,0,0,0,0,0
01/02/2020,Ireland,0,0,0,0,0,0
02/02/2020,Ireland,0,0,0,0,0,0
03/02/2020,Ireland,0,0,0,0,0,0
04/02/2020,Ireland,0,0,0,0,0,0
05/02/2020,Ireland,0,0,0,0,0,0
06/02/2020,Ireland,0,0,0,0,0,0
07/02/2020,Ireland,0,0,0,0,0,0
08/02/2020,Ireland,0,0,0,0,0,0
09/02/2020,Ireland,0,0,0,0,0,0
10/02/2020,Ireland,0,0,0,0,0,0
11/02/2020,Ireland,0,0,0,0,0,0
12/02/2020,Ireland,0,0,0,0,0,0
13/02/2020,Ireland,0,0,0,0,0,0
14/02/2020,Ireland,0,0,0,0,0,0
15/02/2020,Ireland,0,0,0,0,0,0
16/02/2020,Ireland,0,0,0,0,0,0
17/02/2020,Ireland,0,0,0,0,0,0
18/02/2020,Ireland,0,0,0,0,0,0
19/02/2020,Ireland,0,0,0,0,0,0
20/02/2020,Ireland,0,0,0,0,0,0
21/02/2020,Ireland,0,0,0,0,0,0
22/02/2020,Ireland,0,0,0,0,0,0
23/02/2020,Ireland,0,0,0,0,0,0
24/02/2020,Ireland,0,0,0,0,0,0
25/02/2020,Ireland,0,0,0,0,0,0
26/02/2020,Ireland,0,0,0,0,0,0
27/02/2020,Ireland,0,0,0,0,0,0
28/02/2020,Ireland,0,0,0,0,0,0
29/02/2020,Ireland,1,0,0,0.204081633,0,0
01/03/2020,Ireland,1,0,0,0.204081633,0,0
02/03/2020,Ireland,1,0,0,0.204081633,0,0
03/03/2020,Ireland,2,0,0,0.408163265,0,0
04/03/2020,Ireland,6,0,0,1.224489796,0,0
05/03/2020,Ireland,6,0,0,1.224489796,0,0
06/03/2020,Ireland,18,0,0,3.673469388,0,0
07/03/2020,Ireland,18,0,0,3.673469388,0,0
08/03/2020,Ireland,19,0,0,3.87755102,0,0
09/03/2020,Ireland,21,0,0,4.285714286,0,0
10/03/2020,Ireland,34,0,0,6.93877551,0,0
11/03/2020,Ireland,43,0,1,8.775510204,0,0.204081633
12/03/2020,Ireland,43,0,1,8.775510204,0,0.204081633
13/03/2020,Ireland,90,0,1,18.36734694,0,0.204081633
14/03/2020,Ireland,129,0,2,26.32653061,0,0.408163265
15/03/2020,Ireland,129,0,2,26.32653061,0,0.408163265
16/03/2020,Ireland,169,0,2,34.48979592,0,0.408163265
17/03/2020,Ireland,223,5,2,45.51020408,1.020408163,0.408163265
18/03/2020,Ireland,292,5,2,59.59183673,1.020408163,0.408163265
19/03/2020,Ireland,557,5,3,113.6734694,1.020408163,0.612244898
20/03/2020,Ireland,683,5,3,139.3877551,1.020408163,0.612244898
21/03/2020,Ireland,785,5,3,160.2040816,1.020408163,0.612244898
22/03/2020,Ireland,906,5,4,184.8979592,1.020408163,0.816326531
23/03/2020,Ireland,1125,5,6,229.5918367,1.020408163,1.224489796
24/03/2020,Ireland,1329,5,7,271.2244898,1.020408163,1.428571429
25/03/2020,Ireland,1564,5,9,319.1836735,1.020408163,1.836734694
26/03/2020,Ireland,1819,5,19,371.2244898,1.020408163,3.87755102
27/03/2020,Ireland,2121,5,22,432.8571429,1.020408163,4.489795918
28/03/2020,Ireland,2415,5,36,492.8571429,1.020408163,7.346938776
29/03/2020,Ireland,2615,5,46,533.6734694,1.020408163,9.387755102
30/03/2020,Ireland,2910,5,54,593.877551,1.020408163,11.02040816
31/03/2020,Ireland,3235,5,71,660.2040816,1.020408163,14.48979592
01/04/2020,Ireland,3447,5,85,703.4693878,1.020408163,17.34693878
02/04/2020,Ireland,3849,5,98,785.5102041,1.020408163,20
03/04/2020,Ireland,4273,5,120,872.0408163,1.020408163,24.48979592
04/04/2020,Ireland,4604,25,137,939.5918367,5.102040816,27.95918367
05/04/2020,Ireland,4994,25,158,1019.183673,5.102040816,32.24489796
06/04/2020,Ireland,5364,25,174,1094.693878,5.102040816,35.51020408
07/04/2020,Ireland,5709,25,210,1165.102041,5.102040816,42.85714286
08/04/2020,Ireland,6074,25,235,1239.591837,5.102040816,47.95918367
09/04/2020,Ireland,6574,25,263,1341.632653,5.102040816,53.67346939
10/04/2020,Ireland,8089,25,287,1650.816327,5.102040816,58.57142857
11/04/2020,Ireland,8928,25,320,1822.040816,5.102040816,65.30612245
12/04/2020,Ireland,9655,25,334,1970.408163,5.102040816,68.16326531
13/04/2020,Ireland,10647,25,365,2172.857143,5.102040816,74.48979592
14/04/2020,Ireland,11479,25,406,2342.653061,5.102040816,82.85714286
15/04/2020,Ireland,12547,77,444,2560.612245,15.71428571,90.6122449
16/04/2020,Ireland,13271,77,486,2708.367347,15.71428571,99.18367347
17/04/2020,Ireland,13980,77,530,2853.061224,15.71428571,108.1632653
18/04/2020,Ireland,14758,77,571,3011.836735,15.71428571,116.5306122
19/04/2020,Ireland,15251,77,610,3112.44898,15.71428571,124.4897959
20/04/2020,Ireland,15652,77,687,3194.285714,15.71428571,140.2040816
21/04/2020,Ireland,16040,9233,730,3273.469388,1884.285714,148.9795918
22/04/2020,Ireland,16671,9233,769,3402.244898,1884.285714,156.9387755
23/04/2020,Ireland,17607,9233,794,3593.265306,1884.285714,162.0408163
24/04/2020,Ireland,18184,9233,1014,3711.020408,1884.285714,206.9387755
25/04/2020,Ireland,18561,9233,1063,3787.959184,1884.285714,216.9387755
26/04/2020,Ireland,19262,9233,1087,3931.020408,1884.285714,221.8367347
27/04/2020,Ireland,19648,9233,1102,4009.795918,1884.285714,224.8979592
28/04/2020,Ireland,19877,9233,1159,4056.530612,1884.285714,236.5306122
29/04/2020,Ireland,20253,13386,1190,4133.265306,2731.836735,242.8571429
30/04/2020,Ireland,20612,13386,1232,4206.530612,2731.836735,251.4285714
01/05/2020,Ireland,20833,13386,1265,4251.632653,2731.836735,258.1632653
02/05/2020,Ireland,21176,13386,1286,4321.632653,2731.836735,262.4489796
03/05/2020,Ireland,21506,13386,1303,4388.979592,2731.836735,265.9183673
04/05/2020,Ireland,21772,13386,1319,4443.265306,2731.836735,269.1836735
05/05/2020,Ireland,21983,13386,1339,4486.326531,2731.836735,273.2653061
06/05/2020,Ireland,22248,17110,1375,4540.408163,3491.836735,280.6122449
07/05/2020,Ireland,22385,17110,1403,4568.367347,3491.836735,286.3265306
08/05/2020,Ireland,22541,17110,1429,4600.204082,3491.836735,291.6326531
09/05/2020,Ireland,22760,17110,1446,4644.897959,3491.836735,295.1020408
10/05/2020,Ireland,22996,17110,1458,4693.061224,3491.836735,297.5510204
11/05/2020,Ireland,23135,17110,1467,4721.428571,3491.836735,299.3877551
12/05/2020,Ireland,23242,17110,1488,4743.265306,3491.836735,303.6734694
13/05/2020,Ireland,23401,19470,1497,4775.714286,3973.469388,305.5102041
14/05/2020,Ireland,23827,19470,1506,4862.653061,3973.469388,307.3469388
15/05/2020,Ireland,23956,19470,1518,4888.979592,3973.469388,309.7959184
22/01/2020,Italy,0,0,0,0,0,0
23/01/2020,Italy,0,0,0,0,0,0
24/01/2020,Italy,0,0,0,0,0,0
25/01/2020,Italy,0,0,0,0,0,0
26/01/2020,Italy,0,0,0,0,0,0
27/01/2020,Italy,0,0,0,0,0,0
28/01/2020,Italy,0,0,0,0,0,0
29/01/2020,Italy,0,0,0,0,0,0
30/01/2020,Italy,0,0,0,0,0,0
31/01/2020,Italy,2,0,0,0.033333333,0,0
01/02/2020,Italy,2,0,0,0.033333333,0,0
02/02/2020,Italy,2,0,0,0.033333333,0,0
03/02/2020,Italy,2,0,0,0.033333333,0,0
04/02/2020,Italy,2,0,0,0.033333333,0,0
05/02/2020,Italy,2,0,0,0.033333333,0,0
06/02/2020,Italy,2,0,0,0.033333333,0,0
07/02/2020,Italy,3,0,0,0.05,0,0
08/02/2020,Italy,3,0,0,0.05,0,0
09/02/2020,Italy,3,0,0,0.05,0,0
10/02/2020,Italy,3,0,0,0.05,0,0
11/02/2020,Italy,3,0,0,0.05,0,0
12/02/2020,Italy,3,0,0,0.05,0,0
13/02/2020,Italy,3,0,0,0.05,0,0
14/02/2020,Italy,3,0,0,0.05,0,0
15/02/2020,Italy,3,0,0,0.05,0,0
16/02/2020,Italy,3,0,0,0.05,0,0
17/02/2020,Italy,3,0,0,0.05,0,0
18/02/2020,Italy,3,0,0,0.05,0,0
19/02/2020,Italy,3,0,0,0.05,0,0
20/02/2020,Italy,3,0,0,0.05,0,0
21/02/2020,Italy,20,0,1,0.333333333,0,0.016666667
22/02/2020,Italy,62,1,2,1.033333333,0.016666667,0.033333333
23/02/2020,Italy,155,2,3,2.583333333,0.033333333,0.05
24/02/2020,Italy,229,1,7,3.816666667,0.016666667,0.116666667
25/02/2020,Italy,322,1,10,5.366666667,0.016666667,0.166666667
26/02/2020,Italy,453,3,12,7.55,0.05,0.2
27/02/2020,Italy,655,45,17,10.91666667,0.75,0.283333333
28/02/2020,Italy,888,46,21,14.8,0.766666667,0.35
29/02/2020,Italy,1128,46,29,18.8,0.766666667,0.483333333
01/03/2020,Italy,1694,83,34,28.23333333,1.383333333,0.566666667
02/03/2020,Italy,2036,149,52,33.93333333,2.483333333,0.866666667
03/03/2020,Italy,2502,160,79,41.7,2.666666667,1.316666667
04/03/2020,Italy,3089,276,107,51.48333333,4.6,1.783333333
05/03/2020,Italy,3858,414,148,64.3,6.9,2.466666667
06/03/2020,Italy,4636,523,197,77.26666667,8.716666667,3.283333333
07/03/2020,Italy,5883,589,233,98.05,9.816666667,3.883333333
08/03/2020,Italy,7375,622,366,122.9166667,10.36666667,6.1
09/03/2020,Italy,9172,724,463,152.8666667,12.06666667,7.716666667
10/03/2020,Italy,10149,724,631,169.15,12.06666667,10.51666667
11/03/2020,Italy,12462,1045,827,207.7,17.41666667,13.78333333
12/03/2020,Italy,12462,1045,827,207.7,17.41666667,13.78333333
13/03/2020,Italy,17660,1439,1266,294.3333333,23.98333333,21.1
14/03/2020,Italy,21157,1966,1441,352.6166667,32.76666667,24.01666667
15/03/2020,Italy,24747,2335,1809,412.45,38.91666667,30.15
16/03/2020,Italy,27980,2749,2158,466.3333333,45.81666667,35.96666667
17/03/2020,Italy,31506,2941,2503,525.1,49.01666667,41.71666667
18/03/2020,Italy,35713,4025,2978,595.2166667,67.08333333,49.63333333
19/03/2020,Italy,41035,4440,3405,683.9166667,74,56.75
20/03/2020,Italy,47021,4440,4032,783.6833333,74,67.2
21/03/2020,Italy,53578,6072,4825,892.9666667,101.2,80.41666667
22/03/2020,Italy,59138,7024,5476,985.6333333,117.0666667,91.26666667
23/03/2020,Italy,63927,7024,6077,1065.45,117.0666667,101.2833333
24/03/2020,Italy,69176,8326,6820,1152.933333,138.7666667,113.6666667
25/03/2020,Italy,74386,9362,7503,1239.766667,156.0333333,125.05
26/03/2020,Italy,80589,10361,8215,1343.15,172.6833333,136.9166667
27/03/2020,Italy,86498,10950,9134,1441.633333,182.5,152.2333333
28/03/2020,Italy,92472,12384,10023,1541.2,206.4,167.05
29/03/2020,Italy,97689,13030,10779,1628.15,217.1666667,179.65
30/03/2020,Italy,101739,14620,11591,1695.65,243.6666667,193.1833333
31/03/2020,Italy,105792,15729,12428,1763.2,262.15,207.1333333
01/04/2020,Italy,110574,16847,13155,1842.9,280.7833333,219.25
02/04/2020,Italy,115242,18278,13915,1920.7,304.6333333,231.9166667
03/04/2020,Italy,119827,19758,14681,1997.116667,329.3,244.6833333
04/04/2020,Italy,124632,20996,15362,2077.2,349.9333333,256.0333333
05/04/2020,Italy,128948,21815,15887,2149.133333,363.5833333,264.7833333
06/04/2020,Italy,132547,22837,16523,2209.116667,380.6166667,275.3833333
07/04/2020,Italy,135586,24392,17127,2259.766667,406.5333333,285.45
08/04/2020,Italy,139422,26491,17669,2323.7,441.5166667,294.4833333
09/04/2020,Italy,143626,28470,18279,2393.766667,474.5,304.65
10/04/2020,Italy,147577,30455,18849,2459.616667,507.5833333,314.15
11/04/2020,Italy,152271,32534,19468,2537.85,542.2333333,324.4666667
12/04/2020,Italy,156363,34211,19899,2606.05,570.1833333,331.65
13/04/2020,Italy,159516,35435,20465,2658.6,590.5833333,341.0833333
14/04/2020,Italy,162488,37130,21067,2708.133333,618.8333333,351.1166667
15/04/2020,Italy,165155,38092,21645,2752.583333,634.8666667,360.75
16/04/2020,Italy,168941,40164,22170,2815.683333,669.4,369.5
17/04/2020,Italy,172434,42727,22745,2873.9,712.1166667,379.0833333
18/04/2020,Italy,175925,44927,23227,2932.083333,748.7833333,387.1166667
19/04/2020,Italy,178972,47055,23660,2982.866667,784.25,394.3333333
20/04/2020,Italy,181228,48877,24114,3020.466667,814.6166667,401.9
21/04/2020,Italy,183957,51600,24648,3065.95,860,410.8
22/04/2020,Italy,187327,54543,25085,3122.116667,909.05,418.0833333
23/04/2020,Italy,189973,57576,25549,3166.216667,959.6,425.8166667
24/04/2020,Italy,192994,60498,25969,3216.566667,1008.3,432.8166667
25/04/2020,Italy,195351,63120,26384,3255.85,1052,439.7333333
26/04/2020,Italy,197675,64928,26644,3294.583333,1082.133333,444.0666667
27/04/2020,Italy,199414,66624,26977,3323.566667,1110.4,449.6166667
28/04/2020,Italy,201505,68941,27359,3358.416667,1149.016667,455.9833333
29/04/2020,Italy,203591,71252,27682,3393.183333,1187.533333,461.3666667
30/04/2020,Italy,205463,75945,27967,3424.383333,1265.75,466.1166667
01/05/2020,Italy,207428,78249,28236,3457.133333,1304.15,470.6
02/05/2020,Italy,209328,79914,28710,3488.8,1331.9,478.5
03/05/2020,Italy,210717,81654,28884,3511.95,1360.9,481.4
04/05/2020,Italy,211938,82879,29079,3532.3,1381.316667,484.65
05/05/2020,Italy,213013,85231,29315,3550.216667,1420.516667,488.5833333
06/05/2020,Italy,214457,93245,29684,3574.283333,1554.083333,494.7333333
07/05/2020,Italy,215858,96276,29958,3597.633333,1604.6,499.3
08/05/2020,Italy,217185,99023,30201,3619.75,1650.383333,503.35
09/05/2020,Italy,218268,103031,30395,3637.8,1717.183333,506.5833333
10/05/2020,Italy,219070,105186,30560,3651.166667,1753.1,509.3333333
11/05/2020,Italy,219814,106587,30739,3663.566667,1776.45,512.3166667
12/05/2020,Italy,221216,109039,30911,3686.933333,1817.316667,515.1833333
13/05/2020,Italy,222104,112541,31106,3701.733333,1875.683333,518.4333333
14/05/2020,Italy,223096,115288,31368,3718.266667,1921.466667,522.8
15/05/2020,Italy,223885,120205,31610,3731.416667,2003.416667,526.8333333
22/01/2020,Russia,0,0,0,0,0,0
23/01/2020,Russia,0,0,0,0,0,0
24/01/2020,Russia,0,0,0,0,0,0
25/01/2020,Russia,0,0,0,0,0,0
26/01/2020,Russia,0,0,0,0,0,0
27/01/2020,Russia,0,0,0,0,0,0
28/01/2020,Russia,0,0,0,0,0,0
29/01/2020,Russia,0,0,0,0,0,0
30/01/2020,Russia,0,0,0,0,0,0
31/01/2020,Russia,2,0,0,0.01384083,0,0
01/02/2020,Russia,2,0,0,0.01384083,0,0
02/02/2020,Russia,2,0,0,0.01384083,0,0
03/02/2020,Russia,2,0,0,0.01384083,0,0
04/02/2020,Russia,2,0,0,0.01384083,0,0
05/02/2020,Russia,2,0,0,0.01384083,0,0
06/02/2020,Russia,2,0,0,0.01384083,0,0
07/02/2020,Russia,2,0,0,0.01384083,0,0
08/02/2020,Russia,2,0,0,0.01384083,0,0
09/02/2020,Russia,2,0,0,0.01384083,0,0
10/02/2020,Russia,2,0,0,0.01384083,0,0
11/02/2020,Russia,2,0,0,0.01384083,0,0
12/02/2020,Russia,2,2,0,0.01384083,0.01384083,0
13/02/2020,Russia,2,2,0,0.01384083,0.01384083,0
14/02/2020,Russia,2,2,0,0.01384083,0.01384083,0
15/02/2020,Russia,2,2,0,0.01384083,0.01384083,0
16/02/2020,Russia,2,2,0,0.01384083,0.01384083,0
17/02/2020,Russia,2,2,0,0.01384083,0.01384083,0
18/02/2020,Russia,2,2,0,0.01384083,0.01384083,0
19/02/2020,Russia,2,2,0,0.01384083,0.01384083,0
20/02/2020,Russia,2,2,0,0.01384083,0.01384083,0
21/02/2020,Russia,2,2,0,0.01384083,0.01384083,0
22/02/2020,Russia,2,2,0,0.01384083,0.01384083,0
23/02/2020,Russia,2,2,0,0.01384083,0.01384083,0
24/02/2020,Russia,2,2,0,0.01384083,0.01384083,0
25/02/2020,Russia,2,2,0,0.01384083,0.01384083,0
26/02/2020,Russia,2,2,0,0.01384083,0.01384083,0
27/02/2020,Russia,2,2,0,0.01384083,0.01384083,0
28/02/2020,Russia,2,2,0,0.01384083,0.01384083,0
29/02/2020,Russia,2,2,0,0.01384083,0.01384083,0
01/03/2020,Russia,2,2,0,0.01384083,0.01384083,0
02/03/2020,Russia,3,2,0,0.020761246,0.01384083,0
03/03/2020,Russia,3,2,0,0.020761246,0.01384083,0
04/03/2020,Russia,3,2,0,0.020761246,0.01384083,0
05/03/2020,Russia,4,2,0,0.027681661,0.01384083,0
06/03/2020,Russia,13,2,0,0.089965398,0.01384083,0
07/03/2020,Russia,13,2,0,0.089965398,0.01384083,0
08/03/2020,Russia,17,3,0,0.117647059,0.020761246,0
09/03/2020,Russia,17,3,0,0.117647059,0.020761246,0
10/03/2020,Russia,20,3,0,0.138408304,0.020761246,0
11/03/2020,Russia,20,3,0,0.138408304,0.020761246,0
12/03/2020,Russia,28,3,0,0.193771626,0.020761246,0
13/03/2020,Russia,45,3,0,0.311418685,0.020761246,0
14/03/2020,Russia,59,8,0,0.408304498,0.055363322,0
15/03/2020,Russia,63,8,0,0.435986159,0.055363322,0
16/03/2020,Russia,90,8,0,0.62283737,0.055363322,0
17/03/2020,Russia,114,8,0,0.788927336,0.055363322,0
18/03/2020,Russia,147,8,0,1.017301038,0.055363322,0
19/03/2020,Russia,199,9,1,1.37716263,0.062283737,0.006920415
20/03/2020,Russia,253,9,1,1.750865052,0.062283737,0.006920415
21/03/2020,Russia,306,12,1,2.117647059,0.083044983,0.006920415
22/03/2020,Russia,367,16,1,2.539792388,0.110726644,0.006920415
23/03/2020,Russia,438,16,1,3.031141869,0.110726644,0.006920415
24/03/2020,Russia,495,22,1,3.425605536,0.152249135,0.006920415
25/03/2020,Russia,658,29,3,4.553633218,0.200692042,0.020761246
26/03/2020,Russia,840,38,3,5.813148789,0.262975779,0.020761246
27/03/2020,Russia,1036,45,4,7.169550173,0.311418685,0.027681661
28/03/2020,Russia,1264,49,4,8.747404844,0.339100346,0.027681661
29/03/2020,Russia,1534,64,8,10.61591696,0.442906574,0.055363322
30/03/2020,Russia,1836,66,9,12.70588235,0.456747405,0.062283737
31/03/2020,Russia,2337,121,17,16.17301038,0.837370242,0.117647059
01/04/2020,Russia,2777,190,24,19.21799308,1.314878893,0.166089965
02/04/2020,Russia,3548,235,30,24.55363322,1.626297578,0.207612457
03/04/2020,Russia,4149,281,34,28.71280277,1.944636678,0.235294118
04/04/2020,Russia,4731,333,43,32.74048443,2.30449827,0.297577855
05/04/2020,Russia,5389,355,45,37.29411765,2.456747405,0.311418685
06/04/2020,Russia,6343,406,47,43.89619377,2.809688581,0.325259516
07/04/2020,Russia,7497,494,58,51.88235294,3.418685121,0.401384083
08/04/2020,Russia,8672,580,63,60.01384083,4.01384083,0.435986159
09/04/2020,Russia,10131,698,76,70.11072664,4.830449827,0.525951557
10/04/2020,Russia,11917,795,94,82.47058824,5.501730104,0.650519031
11/04/2020,Russia,13584,1045,106,94.00692042,7.23183391,0.733564014
12/04/2020,Russia,15770,1291,130,109.1349481,8.934256055,0.899653979
13/04/2020,Russia,18328,1470,148,126.8373702,10.17301038,1.024221453
14/04/2020,Russia,21102,1694,170,146.0346021,11.72318339,1.176470588
15/04/2020,Russia,24490,1986,198,169.4809689,13.74394464,1.370242215
16/04/2020,Russia,27938,2304,232,193.3425606,15.94463668,1.605536332
17/04/2020,Russia,32008,2590,273,221.5086505,17.92387543,1.889273356
18/04/2020,Russia,36793,3057,313,254.6228374,21.15570934,2.166089965
19/04/2020,Russia,42853,3291,361,296.5605536,22.77508651,2.498269896
20/04/2020,Russia,47121,3446,405,326.0968858,23.84775087,2.802768166
21/04/2020,Russia,52763,3873,456,365.1418685,26.80276817,3.155709343
22/04/2020,Russia,57999,4420,513,401.3771626,30.58823529,3.55017301
23/04/2020,Russia,62773,4891,555,434.4152249,33.84775087,3.84083045
24/04/2020,Russia,68622,5568,615,474.8927336,38.53287197,4.256055363
25/04/2020,Russia,74588,6250,681,516.1799308,43.25259516,4.712802768
26/04/2020,Russia,80949,6767,747,560.200692,46.83044983,5.169550173
27/04/2020,Russia,87147,7346,794,603.0934256,50.83737024,5.494809689
28/04/2020,Russia,93558,8456,867,647.4602076,58.51903114,6
29/04/2020,Russia,99399,10286,972,687.8823529,71.183391,6.726643599
30/04/2020,Russia,106498,11619,1073,737.0103806,80.4083045,7.425605536
01/05/2020,Russia,114431,13220,1169,791.9100346,91.48788927,8.089965398
02/05/2020,Russia,124054,15013,1222,858.5051903,103.8961938,8.456747405
03/05/2020,Russia,134687,16639,1280,932.0899654,115.1487889,8.858131488
04/05/2020,Russia,145268,18095,1356,1005.314879,125.2249135,9.384083045
05/05/2020,Russia,155370,19865,1451,1075.224913,137.4740484,10.04152249
06/05/2020,Russia,165929,21327,1537,1148.297578,147.5916955,10.6366782
07/05/2020,Russia,177160,23803,1625,1226.020761,164.7266436,11.24567474
08/05/2020,Russia,187859,26608,1723,1300.062284,184.1384083,11.92387543
09/05/2020,Russia,198676,31916,1827,1374.920415,220.8719723,12.64359862
10/05/2020,Russia,209688,34306,1915,1451.128028,237.4117647,13.25259516
11/05/2020,Russia,221344,39801,2009,1531.792388,275.4394464,13.90311419
12/05/2020,Russia,232243,43512,2116,1607.217993,301.1211073,14.64359862
13/05/2020,Russia,242271,48003,2212,1676.615917,332.200692,15.30795848
14/05/2020,Russia,252245,53530,2305,1745.640138,370.449827,15.95155709
15/05/2020,Russia,262843,58226,2418,1818.982699,402.9480969,16.73356401
22/01/2020,Spain,0,0,0,0,0,0
23/01/2020,Spain,0,0,0,0,0,0
24/01/2020,Spain,0,0,0,0,0,0
25/01/2020,Spain,0,0,0,0,0,0
26/01/2020,Spain,0,0,0,0,0,0
27/01/2020,Spain,0,0,0,0,0,0
28/01/2020,Spain,0,0,0,0,0,0
29/01/2020,Spain,0,0,0,0,0,0
30/01/2020,Spain,0,0,0,0,0,0
31/01/2020,Spain,0,0,0,0,0,0
01/02/2020,Spain,1,0,0,0.021303792,0,0
02/02/2020,Spain,1,0,0,0.021303792,0,0
03/02/2020,Spain,1,0,0,0.021303792,0,0
04/02/2020,Spain,1,0,0,0.021303792,0,0
05/02/2020,Spain,1,0,0,0.021303792,0,0
06/02/2020,Spain,1,0,0,0.021303792,0,0
07/02/2020,Spain,1,0,0,0.021303792,0,0
08/02/2020,Spain,1,0,0,0.021303792,0,0
09/02/2020,Spain,2,0,0,0.042607584,0,0
10/02/2020,Spain,2,0,0,0.042607584,0,0
11/02/2020,Spain,2,0,0,0.042607584,0,0
12/02/2020,Spain,2,0,0,0.042607584,0,0
13/02/2020,Spain,2,0,0,0.042607584,0,0
14/02/2020,Spain,2,0,0,0.042607584,0,0
15/02/2020,Spain,2,2,0,0.042607584,0.042607584,0
16/02/2020,Spain,2,2,0,0.042607584,0.042607584,0
17/02/2020,Spain,2,2,0,0.042607584,0.042607584,0
18/02/2020,Spain,2,2,0,0.042607584,0.042607584,0
19/02/2020,Spain,2,2,0,0.042607584,0.042607584,0
20/02/2020,Spain,2,2,0,0.042607584,0.042607584,0
21/02/2020,Spain,2,2,0,0.042607584,0.042607584,0
22/02/2020,Spain,2,2,0,0.042607584,0.042607584,0
23/02/2020,Spain,2,2,0,0.042607584,0.042607584,0
24/02/2020,Spain,2,2,0,0.042607584,0.042607584,0
25/02/2020,Spain,6,2,0,0.127822752,0.042607584,0
26/02/2020,Spain,13,2,0,0.276949297,0.042607584,0
27/02/2020,Spain,15,2,0,0.319556881,0.042607584,0
28/02/2020,Spain,32,2,0,0.681721346,0.042607584,0
29/02/2020,Spain,45,2,0,0.958670643,0.042607584,0
01/03/2020,Spain,84,2,0,1.789518534,0.042607584,0
02/03/2020,Spain,120,2,0,2.556455049,0.042607584,0
03/03/2020,Spain,165,2,1,3.515125692,0.042607584,0.021303792
04/03/2020,Spain,222,2,2,4.729441841,0.042607584,0.042607584
05/03/2020,Spain,259,2,3,5.517682147,0.042607584,0.063911376
06/03/2020,Spain,400,2,5,8.52151683,0.042607584,0.10651896
07/03/2020,Spain,500,30,10,10.65189604,0.639113762,0.213037921
08/03/2020,Spain,673,30,17,14.33745207,0.639113762,0.362164465
09/03/2020,Spain,1073,32,28,22.8589689,0.681721346,0.596506178
10/03/2020,Spain,1695,32,35,36.10992757,0.681721346,0.745632723
11/03/2020,Spain,2277,183,54,48.50873455,3.89859395,1.150404772
12/03/2020,Spain,2277,183,55,48.50873455,3.89859395,1.171708564
13/03/2020,Spain,5232,193,133,111.4614401,4.11163187,2.833404346
14/03/2020,Spain,6391,517,195,136.1525352,11.0140605,4.154239455
15/03/2020,Spain,7798,517,289,166.1269706,11.0140605,6.15679591
16/03/2020,Spain,9942,530,342,211.8023008,11.2910098,7.28589689
17/03/2020,Spain,11748,1028,533,250.2769493,21.90029825,11.35492118
18/03/2020,Spain,13910,1081,623,296.3357478,23.02939923,13.27226246
19/03/2020,Spain,17963,1107,830,382.680017,23.58329783,17.68214742
20/03/2020,Spain,20410,1588,1043,434.8103963,33.83042182,22.21985513
21/03/2020,Spain,25374,2125,1375,540.5624201,45.27055816,29.2927141
22/03/2020,Spain,28768,2575,1772,612.8674904,54.85726459,37.75031956
23/03/2020,Spain,35136,2575,2311,748.5300383,54.85726459,49.23306349
24/03/2020,Spain,39885,3794,2808,849.7017469,80.82658713,59.82104815
25/03/2020,Spain,49515,5367,3647,1054.857265,114.3374521,77.6949297
26/03/2020,Spain,57786,7015,4365,1231.060929,149.4461014,92.99105241
27/03/2020,Spain,65719,9357,5138,1400.063911,199.3395824,109.4588837
28/03/2020,Spain,73235,12285,5982,1560.183213,261.7170856,127.4392842
29/03/2020,Spain,80110,14709,6803,1706.646783,313.3574776,144.9296975
30/03/2020,Spain,87956,16780,7716,1873.796336,357.477631,164.3800597
31/03/2020,Spain,95923,19259,8464,2043.523647,410.2897316,180.3152961
01/04/2020,Spain,104118,22647,9387,2218.108223,482.4669791,199.9786962
02/04/2020,Spain,112065,26743,10348,2387.409459,569.7273115,220.4516404
03/04/2020,Spain,119199,30513,11198,2539.390712,650.0426076,238.5598637
04/04/2020,Spain,126168,34219,11947,2687.856839,728.994461,254.5164039
05/04/2020,Spain,131646,38080,12641,2804.559012,811.2484022,269.3012356
06/04/2020,Spain,136675,40437,13341,2911.695782,861.4614401,284.2138901
07/04/2020,Spain,141942,43208,14045,3023.902855,920.494248,299.2117597
08/04/2020,Spain,148220,48021,14792,3157.648061,1023.029399,315.1256924
09/04/2020,Spain,153222,52165,15447,3264.209629,1111.312314,329.0796762
10/04/2020,Spain,158273,55668,16081,3371.815083,1185.939497,342.5862804
11/04/2020,Spain,163027,59109,16606,3473.093311,1259.245846,353.7707712
12/04/2020,Spain,166831,62391,17209,3554.132936,1329.164891,366.6169578
13/04/2020,Spain,170099,64727,17756,3623.753728,1378.93055,378.2701321
14/04/2020,Spain,172541,67504,18056,3675.777588,1438.09118,384.6612697
15/04/2020,Spain,177644,70853,18708,3784.490839,1509.43758,398.5513421
16/04/2020,Spain,184948,74797,19315,3940.093737,1593.459736,411.4827439
17/04/2020,Spain,190839,74797,20002,4065.594376,1593.459736,426.1184491
18/04/2020,Spain,191726,74797,20043,4084.490839,1593.459736,426.9919046
19/04/2020,Spain,198674,77357,20453,4232.509587,1647.997444,435.7264593
20/04/2020,Spain,200210,80587,20852,4265.232211,1716.808692,444.2266723
21/04/2020,Spain,204178,82514,21282,4349.765658,1757.861099,453.3873029
22/04/2020,Spain,208389,85915,21717,4439.475927,1830.315296,462.6544525
23/04/2020,Spain,213024,89250,22157,4538.219003,1901.363443,472.028121
24/04/2020,Spain,202990,92355,22524,4324.456753,1967.511717,479.8466127
25/04/2020,Spain,205905,95708,22902,4386.557307,2038.943332,487.8994461
26/04/2020,Spain,207634,98372,23190,4423.391564,2095.696634,494.0349382
27/04/2020,Spain,209465,100875,23521,4462.398807,2149.020026,501.0864934
28/04/2020,Spain,210773,102548,23822,4490.264167,2184.66127,507.4989348
29/04/2020,Spain,212917,108947,24275,4535.939497,2320.984235,517.1495526
30/04/2020,Spain,213435,112050,24543,4546.974862,2387.089902,522.8589689
01/05/2020,Spain,215216,112050,24543,4584.916915,2387.089902,522.8589689
02/05/2020,Spain,216582,117248,25100,4614.017895,2497.827013,534.7251811
03/05/2020,Spain,217466,118902,25264,4632.850447,2533.063485,538.219003
04/05/2020,Spain,218011,121343,25428,4644.461014,2585.066042,541.7128249
05/05/2020,Spain,219329,123486,25613,4672.539412,2630.720068,545.6540264
06/05/2020,Spain,220325,126002,25857,4693.757989,2684.320409,550.8521517
07/05/2020,Spain,221447,128511,26070,4717.660844,2737.771623,555.3898594
08/05/2020,Spain,222857,131148,26299,4747.69919,2793.949723,560.2684278
09/05/2020,Spain,223578,133952,26478,4763.059225,2853.685556,564.0818066
10/05/2020,Spain,224350,136166,26621,4779.505752,2900.852152,567.1282488
11/05/2020,Spain,227436,137139,26744,4845.249254,2921.580741,569.7486153
12/05/2020,Spain,228030,138980,26920,4857.903707,2960.801023,573.4980827
13/05/2020,Spain,228691,140823,27104,4871.985513,3000.063911,577.4179804
14/05/2020,Spain,229540,143374,27321,4890.072433,3054.409885,582.0409033
15/05/2020,Spain,230183,144783,27459,4903.770771,3084.426928,584.9808266
22/01/2020,Turkey,0,0,0,0,0,0
23/01/2020,Turkey,0,0,0,0,0,0
24/01/2020,Turkey,0,0,0,0,0,0
25/01/2020,Turkey,0,0,0,0,0,0
26/01/2020,Turkey,0,0,0,0,0,0
27/01/2020,Turkey,0,0,0,0,0,0
28/01/2020,Turkey,0,0,0,0,0,0
29/01/2020,Turkey,0,0,0,0,0,0
30/01/2020,Turkey,0,0,0,0,0,0
31/01/2020,Turkey,0,0,0,0,0,0
01/02/2020,Turkey,0,0,0,0,0,0
02/02/2020,Turkey,0,0,0,0,0,0
03/02/2020,Turkey,0,0,0,0,0,0
04/02/2020,Turkey,0,0,0,0,0,0
05/02/2020,Turkey,0,0,0,0,0,0
06/02/2020,Turkey,0,0,0,0,0,0
07/02/2020,Turkey,0,0,0,0,0,0
08/02/2020,Turkey,0,0,0,0,0,0
09/02/2020,Turkey,0,0,0,0,0,0
10/02/2020,Turkey,0,0,0,0,0,0
11/02/2020,Turkey,0,0,0,0,0,0
12/02/2020,Turkey,0,0,0,0,0,0
13/02/2020,Turkey,0,0,0,0,0,0
14/02/2020,Turkey,0,0,0,0,0,0
15/02/2020,Turkey,0,0,0,0,0,0
16/02/2020,Turkey,0,0,0,0,0,0
17/02/2020,Turkey,0,0,0,0,0,0
18/02/2020,Turkey,0,0,0,0,0,0
19/02/2020,Turkey,0,0,0,0,0,0
20/02/2020,Turkey,0,0,0,0,0,0
21/02/2020,Turkey,0,0,0,0,0,0
22/02/2020,Turkey,0,0,0,0,0,0
23/02/2020,Turkey,0,0,0,0,0,0
24/02/2020,Turkey,0,0,0,0,0,0
25/02/2020,Turkey,0,0,0,0,0,0
26/02/2020,Turkey,0,0,0,0,0,0
27/02/2020,Turkey,0,0,0,0,0,0
28/02/2020,Turkey,0,0,0,0,0,0
29/02/2020,Turkey,0,0,0,0,0,0
01/03/2020,Turkey,0,0,0,0,0,0
02/03/2020,Turkey,0,0,0,0,0,0
03/03/2020,Turkey,0,0,0,0,0,0
04/03/2020,Turkey,0,0,0,0,0,0
05/03/2020,Turkey,0,0,0,0,0,0
06/03/2020,Turkey,0,0,0,0,0,0
07/03/2020,Turkey,0,0,0,0,0,0
08/03/2020,Turkey,0,0,0,0,0,0
09/03/2020,Turkey,0,0,0,0,0,0
10/03/2020,Turkey,0,0,0,0,0,0
11/03/2020,Turkey,1,0,0,0.012195122,0,0
12/03/2020,Turkey,1,0,0,0.012195122,0,0
13/03/2020,Turkey,5,0,0,0.06097561,0,0
14/03/2020,Turkey,5,0,0,0.06097561,0,0
15/03/2020,Turkey,6,0,0,0.073170732,0,0
16/03/2020,Turkey,18,0,0,0.219512195,0,0
17/03/2020,Turkey,47,0,1,0.573170732,0,0.012195122
18/03/2020,Turkey,98,0,1,1.195121951,0,0.012195122
19/03/2020,Turkey,192,0,3,2.341463415,0,0.036585366
20/03/2020,Turkey,359,0,4,4.37804878,0,0.048780488
21/03/2020,Turkey,670,0,9,8.170731707,0,0.109756098
22/03/2020,Turkey,1236,0,30,15.07317073,0,0.365853659
23/03/2020,Turkey,1529,0,37,18.64634146,0,0.451219512
24/03/2020,Turkey,1872,0,44,22.82926829,0,0.536585366
25/03/2020,Turkey,2433,26,59,29.67073171,0.317073171,0.719512195
26/03/2020,Turkey,3629,26,75,44.25609756,0.317073171,0.914634146
27/03/2020,Turkey,5698,42,92,69.48780488,0.512195122,1.12195122
28/03/2020,Turkey,7402,70,108,90.26829268,0.853658537,1.317073171
29/03/2020,Turkey,9217,105,131,112.402439,1.280487805,1.597560976
30/03/2020,Turkey,10827,162,168,132.0365854,1.975609756,2.048780488
31/03/2020,Turkey,13531,243,214,165.0121951,2.963414634,2.609756098
01/04/2020,Turkey,15679,333,277,191.2073171,4.06097561,3.37804878
02/04/2020,Turkey,18135,415,356,221.1585366,5.06097561,4.341463415
03/04/2020,Turkey,20921,484,425,255.1341463,5.902439024,5.182926829
04/04/2020,Turkey,23934,786,501,291.8780488,9.585365854,6.109756098
05/04/2020,Turkey,27069,1042,574,330.1097561,12.70731707,7
06/04/2020,Turkey,30217,1326,649,368.5,16.17073171,7.914634146
07/04/2020,Turkey,34109,1582,725,415.9634146,19.29268293,8.841463415
08/04/2020,Turkey,38226,1846,812,466.1707317,22.51219512,9.902439024
09/04/2020,Turkey,42282,2142,908,515.6341463,26.12195122,11.07317073
10/04/2020,Turkey,47029,2423,1006,573.5243902,29.54878049,12.26829268
11/04/2020,Turkey,52167,2965,1101,636.1829268,36.15853659,13.42682927
12/04/2020,Turkey,56956,3446,1198,694.5853659,42.02439024,14.6097561
13/04/2020,Turkey,61049,3957,1296,744.5,48.25609756,15.80487805
14/04/2020,Turkey,65111,4799,1403,794.0365854,58.52439024,17.1097561
15/04/2020,Turkey,69392,5674,1518,846.2439024,69.19512195,18.51219512
16/04/2020,Turkey,74193,7089,1643,904.7926829,86.45121951,20.03658537
17/04/2020,Turkey,78546,8631,1769,957.8780488,105.2560976,21.57317073
18/04/2020,Turkey,82329,10453,1890,1004.012195,127.4756098,23.04878049
19/04/2020,Turkey,86306,11976,2017,1052.512195,146.0487805,24.59756098
20/04/2020,Turkey,90980,13430,2140,1109.512195,163.7804878,26.09756098
21/04/2020,Turkey,95591,14918,2259,1165.743902,181.9268293,27.54878049
22/04/2020,Turkey,98674,16477,2376,1203.341463,200.9390244,28.97560976
23/04/2020,Turkey,101790,18491,2491,1241.341463,225.5,30.37804878
24/04/2020,Turkey,104912,21737,2600,1279.414634,265.0853659,31.70731707
25/04/2020,Turkey,107773,25582,2706,1314.304878,311.9756098,33
26/04/2020,Turkey,110130,29140,2805,1343.04878,355.3658537,34.20731707
27/04/2020,Turkey,112261,33791,2900,1369.036585,412.0853659,35.36585366
28/04/2020,Turkey,114653,38809,2992,1398.207317,473.2804878,36.48780488
29/04/2020,Turkey,117589,44040,3081,1434.012195,537.0731707,37.57317073
30/04/2020,Turkey,120204,48886,3174,1465.902439,596.1707317,38.70731707
01/05/2020,Turkey,122392,53808,3258,1492.585366,656.195122,39.73170732
02/05/2020,Turkey,124375,58259,3336,1516.768293,710.4756098,40.68292683
03/05/2020,Turkey,126045,63151,3397,1537.134146,770.1341463,41.42682927
04/05/2020,Turkey,127659,68166,3461,1556.817073,831.2926829,42.20731707
05/05/2020,Turkey,129491,73285,3520,1579.158537,893.7195122,42.92682927
06/05/2020,Turkey,131744,78202,3584,1606.634146,953.6829268,43.70731707
07/05/2020,Turkey,133721,82984,3641,1630.743902,1012,44.40243902
08/05/2020,Turkey,135569,86396,3689,1653.280488,1053.609756,44.98780488
09/05/2020,Turkey,137115,89480,3739,1672.134146,1091.219512,45.59756098
10/05/2020,Turkey,138657,92691,3786,1690.939024,1130.378049,46.17073171
11/05/2020,Turkey,139771,95780,3841,1704.52439,1168.04878,46.84146341
12/05/2020,Turkey,141475,98889,3894,1725.304878,1205.963415,47.48780488
13/05/2020,Turkey,143114,101715,3952,1745.292683,1240.426829,48.19512195
14/05/2020,Turkey,144749,104030,4007,1765.231707,1268.658537,48.86585366
15/05/2020,Turkey,146457,106133,4055,1786.060976,1294.304878,49.45121951
22/01/2020,US,1,0,0,0.003046923,0,0
23/01/2020,US,1,0,0,0.003046923,0,0
24/01/2020,US,2,0,0,0.006093845,0,0
25/01/2020,US,2,0,0,0.006093845,0,0
26/01/2020,US,5,0,0,0.015234613,0,0
27/01/2020,US,5,0,0,0.015234613,0,0
28/01/2020,US,5,0,0,0.015234613,0,0
29/01/2020,US,5,0,0,0.015234613,0,0
30/01/2020,US,5,0,0,0.015234613,0,0
31/01/2020,US,7,0,0,0.021328458,0,0
01/02/2020,US,8,0,0,0.024375381,0,0
02/02/2020,US,8,0,0,0.024375381,0,0
03/02/2020,US,11,0,0,0.033516149,0,0
04/02/2020,US,11,0,0,0.033516149,0,0
05/02/2020,US,11,0,0,0.033516149,0,0
06/02/2020,US,11,0,0,0.033516149,0,0
07/02/2020,US,11,0,0,0.033516149,0,0
08/02/2020,US,11,0,0,0.033516149,0,0
09/02/2020,US,11,3,0,0.033516149,0.009140768,0
10/02/2020,US,11,3,0,0.033516149,0.009140768,0
11/02/2020,US,12,3,0,0.036563071,0.009140768,0
12/02/2020,US,12,3,0,0.036563071,0.009140768,0
13/02/2020,US,13,3,0,0.039609994,0.009140768,0
14/02/2020,US,13,3,0,0.039609994,0.009140768,0
15/02/2020,US,13,3,0,0.039609994,0.009140768,0
16/02/2020,US,13,3,0,0.039609994,0.009140768,0
17/02/2020,US,13,3,0,0.039609994,0.009140768,0
18/02/2020,US,13,3,0,0.039609994,0.009140768,0
19/02/2020,US,13,3,0,0.039609994,0.009140768,0
20/02/2020,US,13,3,0,0.039609994,0.009140768,0
21/02/2020,US,15,5,0,0.045703839,0.015234613,0
22/02/2020,US,15,5,0,0.045703839,0.015234613,0
23/02/2020,US,15,5,0,0.045703839,0.015234613,0
24/02/2020,US,51,5,0,0.155393053,0.015234613,0
25/02/2020,US,51,6,0,0.155393053,0.018281536,0
26/02/2020,US,57,6,0,0.173674589,0.018281536,0
27/02/2020,US,58,6,0,0.176721511,0.018281536,0
28/02/2020,US,60,7,0,0.182815356,0.021328458,0
29/02/2020,US,68,7,1,0.207190737,0.021328458,0.003046923
01/03/2020,US,74,7,1,0.225472273,0.021328458,0.003046923
02/03/2020,US,98,7,6,0.298598416,0.021328458,0.018281536
03/03/2020,US,118,7,7,0.359536868,0.021328458,0.021328458
04/03/2020,US,149,7,11,0.453991469,0.021328458,0.033516149
05/03/2020,US,217,7,12,0.661182206,0.021328458,0.036563071
06/03/2020,US,262,7,14,0.798293723,0.021328458,0.042656917
07/03/2020,US,402,7,17,1.224862888,0.021328458,0.051797684
08/03/2020,US,518,7,21,1.578305911,0.021328458,0.063985375
09/03/2020,US,583,7,22,1.776355881,0.021328458,0.067032297
10/03/2020,US,959,8,28,2.921998781,0.024375381,0.085313833
11/03/2020,US,1281,8,36,3.903107861,0.024375381,0.109689214
12/03/2020,US,1663,12,41,5.067032297,0.036563071,0.124923827
13/03/2020,US,2179,12,49,6.639244363,0.036563071,0.149299208
14/03/2020,US,2727,12,58,8.308957952,0.036563071,0.176721511
15/03/2020,US,3499,12,73,10.66118221,0.036563071,0.22242535
16/03/2020,US,4632,17,99,14.11334552,0.051797684,0.301645338
17/03/2020,US,6421,17,133,19.56429007,0.051797684,0.405240707
18/03/2020,US,7783,105,164,23.71419866,0.319926874,0.499695308
19/03/2020,US,13747,121,258,41.88604509,0.368677636,0.786106033
20/03/2020,US,19273,147,349,58.72333943,0.447897623,1.06337599
21/03/2020,US,25600,176,442,78.00121877,0.536258379,1.346739793
22/03/2020,US,33276,178,586,101.3893967,0.542352224,1.785496648
23/03/2020,US,43843,178,786,133.5862279,0.542352224,2.39488117
24/03/2020,US,53736,348,1008,163.7294333,1.060329068,3.071297989
25/03/2020,US,65778,361,1316,200.4204753,1.099939062,4.009750152
26/03/2020,US,83836,681,1726,255.4418038,2.074954296,5.258988422
27/03/2020,US,101657,869,2265,309.7410116,2.647775746,6.901279707
28/03/2020,US,121465,1072,2731,370.0944546,3.266301036,8.321145643
29/03/2020,US,140909,2665,3420,429.3388178,8.120048751,10.42047532
30/03/2020,US,161831,5644,4192,493.0865326,17.1968312,12.77269957
31/03/2020,US,188172,7024,5367,573.345521,21.4015844,16.35283364
01/04/2020,US,213242,8474,6501,649.7318708,25.81962218,19.80804388
02/04/2020,US,243622,9001,7921,742.2973796,27.4253504,24.13467398
03/04/2020,US,275367,9707,9246,839.0219378,29.57647776,28.17184644
04/04/2020,US,308650,14652,10855,940.432663,44.64351005,33.07434491
05/04/2020,US,336802,17448,12375,1026.209628,53.16270567,37.70566728
06/04/2020,US,366317,19581,13894,1116.139549,59.66179159,42.33394272
07/04/2020,US,397121,21763,16191,1209.996953,66.31017672,49.33272395
08/04/2020,US,428654,23559,18270,1306.075564,71.78244973,55.66727605
09/04/2020,US,462780,25410,20255,1410.054845,77.42230347,61.71541743
10/04/2020,US,496535,28790,22333,1512.903717,87.72090189,68.04692261
11/04/2020,US,526396,31270,24342,1603.887873,95.27726996,74.16819013
12/04/2020,US,555313,32988,26086,1691.995734,100.511883,79.48202316
13/04/2020,US,580619,43482,27870,1769.101158,132.4862888,84.91773309
14/04/2020,US,607670,47763,30262,1851.523461,145.5301645,92.20597197
15/04/2020,US,636350,52096,32734,1938.909202,158.7324802,99.73796466
16/04/2020,US,667592,54703,34827,2034.101158,166.6758074,106.1151737
17/04/2020,US,699706,58545,37411,2131.95003,178.3820841,113.9884217
18/04/2020,US,732197,64840,39753,2230.947593,197.5624619,121.1243144
19/04/2020,US,758809,70337,40945,2312.032297,214.3113955,124.7562462
20/04/2020,US,784326,72329,42659,2389.780622,220.3808653,129.9786715
21/04/2020,US,811865,75204,45086,2473.689823,229.1407678,137.3735527
22/04/2020,US,840351,77366,47412,2560.484461,235.7282145,144.4606947
23/04/2020,US,869170,80203,49724,2648.293723,244.3723339,151.5051798
24/04/2020,US,905358,99079,51493,2758.555759,301.8860451,156.8951859
25/04/2020,US,938154,100372,53755,2858.482633,305.825716,163.7873248
26/04/2020,US,965785,106988,54881,2942.672151,325.984156,167.2181597
27/04/2020,US,988197,111424,56219,3010.959781,339.5003047,171.2949421
28/04/2020,US,1012582,115936,58355,3085.258988,353.2480195,177.8031688
29/04/2020,US,1039909,120720,60967,3168.522243,367.8244973,185.7617307
30/04/2020,US,1069424,153947,62996,3258.452163,469.0645948,191.9439366
01/05/2020,US,1103461,164015,64943,3362.160268,499.7410116,197.8762949
02/05/2020,US,1132539,175382,66369,3450.758684,534.3753809,202.2212066
03/05/2020,US,1158040,180152,67682,3528.458257,548.9092017,206.221816
04/05/2020,US,1180375,187180,68922,3596.511274,570.3229738,210
05/05/2020,US,1204351,189791,71064,3669.56429,578.2784887,216.5265082
06/05/2020,US,1229331,189910,73455,3745.676417,578.6410725,223.8117002
07/05/2020,US,1257023,195036,75662,3830.051798,594.2595978,230.5362584
08/05/2020,US,1283929,198993,77180,3912.032297,606.3162706,235.1614869
09/05/2020,US,1309550,212534,78795,3990.097502,647.5746496,240.0822669
10/05/2020,US,1329260,216169,79526,4050.152346,658.6502133,242.3095673
11/05/2020,US,1347881,232733,80682,4106.889092,709.1194394,245.8318099
12/05/2020,US,1369376,230287,82356,4172.382693,701.6666667,250.9323583
13/05/2020,US,1390406,243430,84119,4236.459476,741.7123705,256.3040829
14/05/2020,US,1417774,246414,85898,4319.847654,750.8043876,261.7245582
15/05/2020,US,1442824,250747,87530,4396.173065,764.0067032,266.6971359
22/01/2020,United Kingdom,0,0,0,0,0,0
23/01/2020,United Kingdom,0,0,0,0,0,0
24/01/2020,United Kingdom,0,0,0,0,0,0
25/01/2020,United Kingdom,0,0,0,0,0,0
26/01/2020,United Kingdom,0,0,0,0,0,0
27/01/2020,United Kingdom,0,0,0,0,0,0
28/01/2020,United Kingdom,0,0,0,0,0,0
29/01/2020,United Kingdom,0,0,0,0,0,0
30/01/2020,United Kingdom,0,0,0,0,0,0
31/01/2020,United Kingdom,2,0,0,0.030007502,0,0
01/02/2020,United Kingdom,2,0,0,0.030007502,0,0
02/02/2020,United Kingdom,2,0,0,0.030007502,0,0
03/02/2020,United Kingdom,2,0,0,0.030007502,0,0
04/02/2020,United Kingdom,2,0,0,0.030007502,0,0
05/02/2020,United Kingdom,2,0,0,0.030007502,0,0
06/02/2020,United Kingdom,2,0,0,0.030007502,0,0
07/02/2020,United Kingdom,3,0,0,0.045011253,0,0
08/02/2020,United Kingdom,3,0,0,0.045011253,0,0
09/02/2020,United Kingdom,3,0,0,0.045011253,0,0
10/02/2020,United Kingdom,8,0,0,0.120030008,0,0
11/02/2020,United Kingdom,8,0,0,0.120030008,0,0
12/02/2020,United Kingdom,9,1,0,0.135033758,0.015003751,0
13/02/2020,United Kingdom,9,1,0,0.135033758,0.015003751,0
14/02/2020,United Kingdom,9,1,0,0.135033758,0.015003751,0
15/02/2020,United Kingdom,9,1,0,0.135033758,0.015003751,0
16/02/2020,United Kingdom,9,8,0,0.135033758,0.120030008,0
17/02/2020,United Kingdom,9,8,0,0.135033758,0.120030008,0
18/02/2020,United Kingdom,9,8,0,0.135033758,0.120030008,0
19/02/2020,United Kingdom,9,8,0,0.135033758,0.120030008,0
20/02/2020,United Kingdom,9,8,0,0.135033758,0.120030008,0
21/02/2020,United Kingdom,9,8,0,0.135033758,0.120030008,0
22/02/2020,United Kingdom,9,8,0,0.135033758,0.120030008,0
23/02/2020,United Kingdom,9,8,0,0.135033758,0.120030008,0
24/02/2020,United Kingdom,13,8,0,0.195048762,0.120030008,0
25/02/2020,United Kingdom,13,8,0,0.195048762,0.120030008,0
26/02/2020,United Kingdom,13,8,0,0.195048762,0.120030008,0
27/02/2020,United Kingdom,15,8,0,0.225056264,0.120030008,0
28/02/2020,United Kingdom,20,8,0,0.300075019,0.120030008,0
29/02/2020,United Kingdom,23,8,0,0.345086272,0.120030008,0
01/03/2020,United Kingdom,36,8,0,0.540135034,0.120030008,0
02/03/2020,United Kingdom,40,8,0,0.600150038,0.120030008,0
03/03/2020,United Kingdom,51,8,0,0.765191298,0.120030008,0
04/03/2020,United Kingdom,85,8,0,1.27531883,0.120030008,0
05/03/2020,United Kingdom,115,8,0,1.725431358,0.120030008,0
06/03/2020,United Kingdom,163,8,1,2.445611403,0.120030008,0.015003751
07/03/2020,United Kingdom,206,18,2,3.090772693,0.270067517,0.030007502
08/03/2020,United Kingdom,273,18,2,4.096024006,0.270067517,0.030007502
09/03/2020,United Kingdom,321,18,3,4.816204051,0.270067517,0.045011253
10/03/2020,United Kingdom,382,18,7,5.731432858,0.270067517,0.105026257
11/03/2020,United Kingdom,456,18,7,6.841710428,0.270067517,0.105026257
12/03/2020,United Kingdom,456,18,9,6.841710428,0.270067517,0.135033758
13/03/2020,United Kingdom,798,18,10,11.97299325,0.270067517,0.150037509
14/03/2020,United Kingdom,1140,18,28,17.10427607,0.270067517,0.420105026
15/03/2020,United Kingdom,1140,18,43,17.10427607,0.270067517,0.64516129
16/03/2020,United Kingdom,1543,20,65,23.1507877,0.300075019,0.975243811
17/03/2020,United Kingdom,1950,52,81,29.25731433,0.780195049,1.215303826
18/03/2020,United Kingdom,2626,65,115,39.39984996,0.975243811,1.725431358
19/03/2020,United Kingdom,2689,65,158,40.34508627,0.975243811,2.370592648
20/03/2020,United Kingdom,3983,65,194,59.75993998,0.975243811,2.910727682
21/03/2020,United Kingdom,5018,65,250,75.28882221,0.975243811,3.750937734
22/03/2020,United Kingdom,5683,65,285,85.26631658,0.975243811,4.276069017
23/03/2020,United Kingdom,6650,65,359,99.77494374,0.975243811,5.386346587
24/03/2020,United Kingdom,8077,135,508,121.1852963,2.025506377,7.621905476
25/03/2020,United Kingdom,9529,135,694,142.9707427,2.025506377,10.41260315
26/03/2020,United Kingdom,11658,135,877,174.9137284,2.025506377,13.15828957
27/03/2020,United Kingdom,14543,135,1161,218.1995499,2.025506377,17.41935484
28/03/2020,United Kingdom,17089,135,1455,256.3990998,2.025506377,21.83045761
29/03/2020,United Kingdom,19522,135,1669,292.9032258,2.025506377,25.04126032
30/03/2020,United Kingdom,22141,135,2043,332.1980495,2.025506377,30.65266317
31/03/2020,United Kingdom,25150,135,2425,377.3443361,2.025506377,36.38409602
01/04/2020,United Kingdom,29474,135,3095,442.2205551,2.025506377,46.43660915
02/04/2020,United Kingdom,33718,135,3747,505.8964741,2.025506377,56.21905476
03/04/2020,United Kingdom,38168,135,4461,572.6631658,2.025506377,66.93173293
04/04/2020,United Kingdom,41903,135,5221,628.7021755,2.025506377,78.33458365
05/04/2020,United Kingdom,47806,135,5865,717.2693173,2.025506377,87.99699925
06/04/2020,United Kingdom,51608,135,6433,774.3135784,2.025506377,96.51912978
07/04/2020,United Kingdom,55242,135,7471,828.8372093,2.025506377,112.0930233
08/04/2020,United Kingdom,60733,135,8505,911.2228057,2.025506377,127.6069017
09/04/2020,United Kingdom,65077,135,9608,976.3990998,2.025506377,144.156039
10/04/2020,United Kingdom,73758,344,10760,1106.646662,5.161290323,161.4403601
11/04/2020,United Kingdom,78991,344,11599,1185.16129,5.161290323,174.0285071
12/04/2020,United Kingdom,84279,344,12285,1264.501125,5.161290323,184.3210803
13/04/2020,United Kingdom,88621,0,13029,1329.647412,0,195.483871
14/04/2020,United Kingdom,93873,0,14073,1408.447112,0,211.1477869
15/04/2020,United Kingdom,98476,0,14915,1477.509377,0,223.7809452
16/04/2020,United Kingdom,103093,0,15944,1546.781695,0,239.219805
17/04/2020,United Kingdom,108692,0,16879,1630.787697,0,253.2483121
18/04/2020,United Kingdom,114217,0,17994,1713.683421,0,269.9774944
19/04/2020,United Kingdom,120067,0,18492,1801.455364,0,277.4493623
20/04/2020,United Kingdom,124743,0,19051,1871.612903,0,285.8364591
21/04/2020,United Kingdom,129044,0,20223,1936.144036,0,303.4208552
22/04/2020,United Kingdom,133495,0,21060,2002.925731,0,315.9789947
23/04/2020,United Kingdom,138078,0,21787,2071.687922,0,326.8867217
24/04/2020,United Kingdom,143464,0,22792,2152.498125,0,341.9654914
25/04/2020,United Kingdom,148377,0,23635,2226.211553,0,354.6136534
26/04/2020,United Kingdom,152840,0,24055,2293.173293,0,360.9152288
27/04/2020,United Kingdom,157149,0,24393,2357.824456,0,365.9864966
28/04/2020,United Kingdom,161145,0,25302,2417.779445,0,379.6249062
29/04/2020,United Kingdom,165221,0,26097,2478.934734,0,391.5528882
30/04/2020,United Kingdom,171253,0,26771,2569.437359,0,401.6654164
01/05/2020,United Kingdom,177454,0,27510,2662.475619,0,412.7531883
02/05/2020,United Kingdom,182260,0,28131,2734.583646,0,422.0705176
03/05/2020,United Kingdom,186599,0,28446,2799.684921,0,426.7966992
04/05/2020,United Kingdom,190584,0,28734,2859.474869,0,431.1177794
05/05/2020,United Kingdom,194990,0,29427,2925.581395,0,441.5153788
06/05/2020,United Kingdom,201101,0,30076,3017.269317,0,451.2528132
07/05/2020,United Kingdom,206715,0,30615,3101.500375,0,459.339835
08/05/2020,United Kingdom,211364,0,31241,3171.252813,0,468.732183
09/05/2020,United Kingdom,215260,0,31587,3229.707427,0,473.9234809
10/05/2020,United Kingdom,219183,0,31855,3288.567142,0,477.9444861
11/05/2020,United Kingdom,223060,0,32065,3346.736684,0,481.0952738
12/05/2020,United Kingdom,226463,0,32692,3397.794449,0,490.5026257
13/05/2020,United Kingdom,229705,0,33186,3446.436609,0,497.9144786
14/05/2020,United Kingdom,233151,0,33614,3498.139535,0,504.336084
15/05/2020,United Kingdom,236711,0,33998,3551.552888,0,510.0975244
