Date,Country/Region,Confirmed,Recovered,Deaths
22/01/2020,Brazil,0,0,0
23/01/2020,Brazil,0,0,0
24/01/2020,Brazil,0,0,0
25/01/2020,Brazil,0,0,0
26/01/2020,Brazil,0,0,0
27/01/2020,Brazil,0,0,0
28/01/2020,Brazil,0,0,0
29/01/2020,Brazil,0,0,0
30/01/2020,Brazil,0,0,0
31/01/2020,Brazil,0,0,0
01/02/2020,Brazil,0,0,0
02/02/2020,Brazil,0,0,0
03/02/2020,Brazil,0,0,0
04/02/2020,Brazil,0,0,0
05/02/2020,Brazil,0,0,0
06/02/2020,Brazil,0,0,0
07/02/2020,Brazil,0,0,0
08/02/2020,Brazil,0,0,0
09/02/2020,Brazil,0,0,0
10/02/2020,Brazil,0,0,0
11/02/2020,Brazil,0,0,0
12/02/2020,Brazil,0,0,0
13/02/2020,Brazil,0,0,0
14/02/2020,Brazil,0,0,0
15/02/2020,Brazil,0,0,0
16/02/2020,Brazil,0,0,0
17/02/2020,Brazil,0,0,0
18/02/2020,Brazil,0,0,0
19/02/2020,Brazil,0,0,0
20/02/2020,Brazil,0,0,0
21/02/2020,Brazil,0,0,0
22/02/2020,Brazil,0,0,0
23/02/2020,Brazil,0,0,0
24/02/2020,Brazil,0,0,0
25/02/2020,Brazil,0,0,0
26/02/2020,Brazil,1,0,0
27/02/2020,Brazil,1,0,0
28/02/2020,Brazil,1,0,0
29/02/2020,Brazil,2,0,0
01/03/2020,Brazil,2,0,0
02/03/2020,Brazil,2,0,0
03/03/2020,Brazil,2,0,0
04/03/2020,Brazil,4,0,0
05/03/2020,Brazil,4,0,0
06/03/2020,Brazil,13,0,0
07/03/2020,Brazil,13,0,0
08/03/2020,Brazil,20,0,0
09/03/2020,Brazil,25,0,0
10/03/2020,Brazil,31,0,0
11/03/2020,Brazil,38,0,0
12/03/2020,Brazil,52,0,0
13/03/2020,Brazil,151,0,0
14/03/2020,Brazil,151,0,0
15/03/2020,Brazil,162,0,0
16/03/2020,Brazil,200,1,0
17/03/2020,Brazil,321,2,1
18/03/2020,Brazil,372,2,3
19/03/2020,Brazil,621,2,6
20/03/2020,Brazil,793,2,11
21/03/2020,Brazil,1021,2,15
22/03/2020,Brazil,1546,2,25
23/03/2020,Brazil,1924,2,34
24/03/2020,Brazil,2247,2,46
25/03/2020,Brazil,2554,2,59
26/03/2020,Brazil,2985,6,77
27/03/2020,Brazil,3417,6,92
28/03/2020,Brazil,3904,6,111
29/03/2020,Brazil,4256,6,136
30/03/2020,Brazil,4579,120,159
31/03/2020,Brazil,5717,127,201
01/04/2020,Brazil,6836,127,240
02/04/2020,Brazil,8044,127,324
03/04/2020,Brazil,9056,127,359
04/04/2020,Brazil,10360,127,445
05/04/2020,Brazil,11130,127,486
06/04/2020,Brazil,12161,127,564
07/04/2020,Brazil,14034,127,686
08/04/2020,Brazil,16170,127,819
09/04/2020,Brazil,18092,173,950
10/04/2020,Brazil,19638,173,1057
11/04/2020,Brazil,20727,173,1124
12/04/2020,Brazil,22192,173,1223
13/04/2020,Brazil,23430,173,1328
14/04/2020,Brazil,25262,3046,1532
15/04/2020,Brazil,28320,14026,1736
16/04/2020,Brazil,30425,14026,1924
17/04/2020,Brazil,33682,14026,2141
18/04/2020,Brazil,36658,14026,2354
19/04/2020,Brazil,38654,22130,2462
20/04/2020,Brazil,40743,22130,2587
21/04/2020,Brazil,43079,22991,2741
22/04/2020,Brazil,45757,25318,2906
23/04/2020,Brazil,50036,26573,3331
24/04/2020,Brazil,54043,27655,3704
25/04/2020,Brazil,59324,29160,4057
26/04/2020,Brazil,63100,30152,4286
27/04/2020,Brazil,67446,31142,4603
28/04/2020,Brazil,73235,32544,5083
29/04/2020,Brazil,79685,34132,5513
30/04/2020,Brazil,87187,35935,6006
01/05/2020,Brazil,92202,38039,6412
02/05/2020,Brazil,97100,40937,6761
03/05/2020,Brazil,101826,42991,7051
04/05/2020,Brazil,108620,45815,7367
05/05/2020,Brazil,115455,48221,7938
06/05/2020,Brazil,126611,51370,8588
07/05/2020,Brazil,135773,55350,9190
08/05/2020,Brazil,146894,59297,10017
09/05/2020,Brazil,156061,61685,10656
10/05/2020,Brazil,162699,64957,11123
11/05/2020,Brazil,169594,67384,11653
12/05/2020,Brazil,178214,72597,12461
22/01/2020,France,0,0,0
23/01/2020,France,0,0,0
24/01/2020,France,2,0,0
25/01/2020,France,3,0,0
26/01/2020,France,3,0,0
27/01/2020,France,3,0,0
28/01/2020,France,4,0,0
29/01/2020,France,5,0,0
30/01/2020,France,5,0,0
31/01/2020,France,5,0,0
01/02/2020,France,6,0,0
02/02/2020,France,6,0,0
03/02/2020,France,6,0,0
04/02/2020,France,6,0,0
05/02/2020,France,6,0,0
06/02/2020,France,6,0,0
07/02/2020,France,6,0,0
08/02/2020,France,11,0,0
09/02/2020,France,11,0,0
10/02/2020,France,11,0,0
11/02/2020,France,11,0,0
12/02/2020,France,11,2,0
13/02/2020,France,11,2,0
14/02/2020,France,11,2,0
15/02/2020,France,12,4,1
16/02/2020,France,12,4,1
17/02/2020,France,12,4,1
18/02/2020,France,12,4,1
19/02/2020,France,12,4,1
20/02/2020,France,12,4,1
21/02/2020,France,12,4,1
22/02/2020,France,12,4,1
23/02/2020,France,12,4,1
24/02/2020,France,12,4,1
25/02/2020,France,14,11,1
26/02/2020,France,18,11,2
27/02/2020,France,38,11,2
28/02/2020,France,57,11,2
29/02/2020,France,100,12,2
01/03/2020,France,130,12,2
02/03/2020,France,191,12,3
03/03/2020,France,204,12,4
04/03/2020,France,285,12,4
05/03/2020,France,377,12,6
06/03/2020,France,653,12,9
07/03/2020,France,949,12,11
08/03/2020,France,1126,12,19
09/03/2020,France,1209,12,19
10/03/2020,France,1784,12,33
11/03/2020,France,2281,12,48
12/03/2020,France,2281,12,48
13/03/2020,France,3661,12,79
14/03/2020,France,4469,12,91
15/03/2020,France,4499,12,91
16/03/2020,France,6633,12,148
17/03/2020,France,7652,12,148
18/03/2020,France,9043,12,148
19/03/2020,France,10871,12,243
20/03/2020,France,12612,12,450
21/03/2020,France,14282,12,562
22/03/2020,France,16018,2200,674
23/03/2020,France,19856,2200,860
24/03/2020,France,22304,3243,1100
25/03/2020,France,25233,3900,1331
26/03/2020,France,29155,4948,1696
27/03/2020,France,32964,5700,1995
28/03/2020,France,37575,5700,2314
29/03/2020,France,40174,7202,2606
30/03/2020,France,44550,7927,3024
31/03/2020,France,52128,9444,3523
01/04/2020,France,56989,10934,4403
02/04/2020,France,59105,12428,5387
03/04/2020,France,64338,14008,6507
04/04/2020,France,68605,15438,7560
05/04/2020,France,70478,16183,8078
06/04/2020,France,74390,17250,8911
07/04/2020,France,78167,19337,10328
08/04/2020,France,82048,21254,10869
09/04/2020,France,86334,23206,12210
10/04/2020,France,90676,24932,13197
11/04/2020,France,93790,26391,13832
12/04/2020,France,120633,27186,14393
13/04/2020,France,124298,27718,14967
14/04/2020,France,129257,28512,15712
15/04/2020,France,132473,30440,17148
16/04/2020,France,144944,32297,17901
17/04/2020,France,146923,33834,18661
18/04/2020,France,146906,35379,19303
19/04/2020,France,151808,35973,19694
20/04/2020,France,154188,36782,20240
21/04/2020,France,156921,38543,20765
22/04/2020,France,154715,39988,21309
23/04/2020,France,157026,41414,21825
24/04/2020,France,158636,42715,22214
25/04/2020,France,160292,43816,22583
26/04/2020,France,160847,44125,22825
27/04/2020,France,164589,44733,23262
28/04/2020,France,167605,45997,23629
29/04/2020,France,165093,47338,24056
30/04/2020,France,165764,48572,24345
01/05/2020,France,165764,49300,24563
02/05/2020,France,166976,49751,24729
03/05/2020,France,167272,49973,24864
04/05/2020,France,167886,50438,25168
05/05/2020,France,168935,51803,25498
06/05/2020,France,172465,53022,25772
07/05/2020,France,173040,54076,25949
08/05/2020,France,174318,54770,26192
09/05/2020,France,174758,54886,26271
10/05/2020,France,175027,55062,26341
11/05/2020,France,175479,55569,26604
12/05/2020,France,176207,56617,26951
22/01/2020,Germany,0,0,0
23/01/2020,Germany,0,0,0
24/01/2020,Germany,0,0,0
25/01/2020,Germany,0,0,0
26/01/2020,Germany,0,0,0
27/01/2020,Germany,1,0,0
28/01/2020,Germany,4,0,0
29/01/2020,Germany,4,0,0
30/01/2020,Germany,4,0,0
31/01/2020,Germany,5,0,0
01/02/2020,Germany,8,0,0
02/02/2020,Germany,10,0,0
03/02/2020,Germany,12,0,0
04/02/2020,Germany,12,0,0
05/02/2020,Germany,12,0,0
06/02/2020,Germany,12,0,0
07/02/2020,Germany,13,0,0
08/02/2020,Germany,13,0,0
09/02/2020,Germany,14,0,0
10/02/2020,Germany,14,0,0
11/02/2020,Germany,16,0,0
12/02/2020,Germany,16,0,0
13/02/2020,Germany,16,1,0
14/02/2020,Germany,16,1,0
15/02/2020,Germany,16,1,0
16/02/2020,Germany,16,1,0
17/02/2020,Germany,16,1,0
18/02/2020,Germany,16,12,0
19/02/2020,Germany,16,12,0
20/02/2020,Germany,16,12,0
21/02/2020,Germany,16,14,0
22/02/2020,Germany,16,14,0
23/02/2020,Germany,16,14,0
24/02/2020,Germany,16,14,0
25/02/2020,Germany,17,14,0
26/02/2020,Germany,27,15,0
27/02/2020,Germany,46,16,0
28/02/2020,Germany,48,16,0
29/02/2020,Germany,79,16,0
01/03/2020,Germany,130,16,0
02/03/2020,Germany,159,16,0
03/03/2020,Germany,196,16,0
04/03/2020,Germany,262,16,0
05/03/2020,Germany,482,16,0
06/03/2020,Germany,670,17,0
07/03/2020,Germany,799,18,0
08/03/2020,Germany,1040,18,0
09/03/2020,Germany,1176,18,2
10/03/2020,Germany,1457,18,2
11/03/2020,Germany,1908,25,3
12/03/2020,Germany,2078,25,3
13/03/2020,Germany,3675,46,7
14/03/2020,Germany,4585,46,9
15/03/2020,Germany,5795,46,11
16/03/2020,Germany,7272,67,17
17/03/2020,Germany,9257,67,24
18/03/2020,Germany,12327,105,28
19/03/2020,Germany,15320,113,44
20/03/2020,Germany,19848,180,67
21/03/2020,Germany,22213,233,84
22/03/2020,Germany,24873,266,94
23/03/2020,Germany,29056,266,123
24/03/2020,Germany,32986,3243,157
25/03/2020,Germany,37323,3547,206
26/03/2020,Germany,43938,5673,267
27/03/2020,Germany,50871,6658,342
28/03/2020,Germany,57695,8481,433
29/03/2020,Germany,62095,9211,533
30/03/2020,Germany,66885,13500,645
31/03/2020,Germany,71808,16100,775
01/04/2020,Germany,77872,18700,920
02/04/2020,Germany,84794,22440,1107
03/04/2020,Germany,91159,24575,1275
04/04/2020,Germany,96092,26400,1444
05/04/2020,Germany,100123,28700,1584
06/04/2020,Germany,103374,28700,1810
07/04/2020,Germany,107663,36081,2016
08/04/2020,Germany,113296,46300,2349
09/04/2020,Germany,118181,52407,2607
10/04/2020,Germany,122171,53913,2767
11/04/2020,Germany,124908,57400,2736
12/04/2020,Germany,127854,60300,3022
13/04/2020,Germany,130072,64300,3194
14/04/2020,Germany,131359,68200,3294
15/04/2020,Germany,134753,72600,3804
16/04/2020,Germany,137698,77000,4052
17/04/2020,Germany,141397,83114,4352
18/04/2020,Germany,143342,85400,4459
19/04/2020,Germany,145184,88000,4586
20/04/2020,Germany,147065,91500,4862
21/04/2020,Germany,148291,95200,5033
22/04/2020,Germany,150648,99400,5279
23/04/2020,Germany,153129,103300,5575
24/04/2020,Germany,154999,109800,5760
25/04/2020,Germany,156513,109800,5877
26/04/2020,Germany,157770,112000,5976
27/04/2020,Germany,158758,114500,6126
28/04/2020,Germany,159912,117400,6314
29/04/2020,Germany,161539,120400,6467
30/04/2020,Germany,163009,123500,6623
01/05/2020,Germany,164077,126900,6736
02/05/2020,Germany,164967,129000,6812
03/05/2020,Germany,165664,130600,6866
04/05/2020,Germany,166152,132700,6993
05/05/2020,Germany,167007,135100,6993
06/05/2020,Germany,168162,139900,7275
07/05/2020,Germany,169430,141700,7392
08/05/2020,Germany,170588,141700,7510
09/05/2020,Germany,171324,143300,7549
10/05/2020,Germany,171879,144400,7569
11/05/2020,Germany,172576,145617,7661
12/05/2020,Germany,173171,147200,7738
22/01/2020,Iran,0,0,0
23/01/2020,Iran,0,0,0
24/01/2020,Iran,0,0,0
25/01/2020,Iran,0,0,0
26/01/2020,Iran,0,0,0
27/01/2020,Iran,0,0,0
28/01/2020,Iran,0,0,0
29/01/2020,Iran,0,0,0
30/01/2020,Iran,0,0,0
31/01/2020,Iran,0,0,0
01/02/2020,Iran,0,0,0
02/02/2020,Iran,0,0,0
03/02/2020,Iran,0,0,0
04/02/2020,Iran,0,0,0
05/02/2020,Iran,0,0,0
06/02/2020,Iran,0,0,0
07/02/2020,Iran,0,0,0
08/02/2020,Iran,0,0,0
09/02/2020,Iran,0,0,0
10/02/2020,Iran,0,0,0
11/02/2020,Iran,0,0,0
12/02/2020,Iran,0,0,0
13/02/2020,Iran,0,0,0
14/02/2020,Iran,0,0,0
15/02/2020,Iran,0,0,0
16/02/2020,Iran,0,0,0
17/02/2020,Iran,0,0,0
18/02/2020,Iran,0,0,0
19/02/2020,Iran,2,0,2
20/02/2020,Iran,5,0,2
21/02/2020,Iran,18,0,4
22/02/2020,Iran,28,0,5
23/02/2020,Iran,43,0,8
24/02/2020,Iran,61,0,12
25/02/2020,Iran,95,0,16
26/02/2020,Iran,139,49,19
27/02/2020,Iran,245,49,26
28/02/2020,Iran,388,73,34
29/02/2020,Iran,593,123,43
01/03/2020,Iran,978,175,54
02/03/2020,Iran,1501,291,66
03/03/2020,Iran,2336,291,77
04/03/2020,Iran,2922,552,92
05/03/2020,Iran,3513,739,107
06/03/2020,Iran,4747,913,124
07/03/2020,Iran,5823,1669,145
08/03/2020,Iran,6566,2134,194
09/03/2020,Iran,7161,2394,237
10/03/2020,Iran,8042,2731,291
11/03/2020,Iran,9000,2959,354
12/03/2020,Iran,10075,2959,429
13/03/2020,Iran,11364,2959,514
14/03/2020,Iran,12729,2959,611
15/03/2020,Iran,13938,4590,724
16/03/2020,Iran,14991,4590,853
17/03/2020,Iran,16169,5389,988
18/03/2020,Iran,17361,5389,1135
19/03/2020,Iran,18407,5710,1284
20/03/2020,Iran,19644,6745,1433
21/03/2020,Iran,20610,7635,1556
22/03/2020,Iran,21638,7931,1685
23/03/2020,Iran,23049,7931,1812
24/03/2020,Iran,24811,8913,1934
25/03/2020,Iran,27017,9625,2077
26/03/2020,Iran,29406,10457,2234
27/03/2020,Iran,32332,11133,2378
28/03/2020,Iran,35408,11679,2517
29/03/2020,Iran,38309,12391,2640
30/03/2020,Iran,41495,13911,2757
31/03/2020,Iran,44605,14656,2898
01/04/2020,Iran,47593,15473,3036
02/04/2020,Iran,50468,16711,3160
03/04/2020,Iran,53183,17935,3294
04/04/2020,Iran,55743,19736,3452
05/04/2020,Iran,58226,19736,3603
06/04/2020,Iran,60500,24236,3739
07/04/2020,Iran,62589,27039,3872
08/04/2020,Iran,64586,29812,3993
09/04/2020,Iran,66220,32309,4110
10/04/2020,Iran,68192,35465,4232
11/04/2020,Iran,70029,41947,4357
12/04/2020,Iran,71686,43894,4474
13/04/2020,Iran,73303,45983,4585
14/04/2020,Iran,74877,48129,4683
15/04/2020,Iran,76389,49933,4777
16/04/2020,Iran,77995,52229,4869
17/04/2020,Iran,79494,54064,4958
18/04/2020,Iran,80868,55987,5031
19/04/2020,Iran,82211,57023,5118
20/04/2020,Iran,83505,59273,5209
21/04/2020,Iran,84802,60965,5297
22/04/2020,Iran,85996,63113,5391
23/04/2020,Iran,87026,64843,5481
24/04/2020,Iran,88194,66599,5574
25/04/2020,Iran,89328,68193,5650
26/04/2020,Iran,90481,69657,5710
27/04/2020,Iran,91472,70933,5806
28/04/2020,Iran,92584,72439,5877
29/04/2020,Iran,93657,73791,5957
30/04/2020,Iran,94640,75103,6028
01/05/2020,Iran,95646,76318,6091
02/05/2020,Iran,96448,77350,6156
03/05/2020,Iran,97424,78422,6203
04/05/2020,Iran,98647,79379,6277
05/05/2020,Iran,99970,80475,6340
06/05/2020,Iran,101650,81587,6418
07/05/2020,Iran,103135,82744,6486
08/05/2020,Iran,104691,83837,6541
09/05/2020,Iran,106220,85064,6589
10/05/2020,Iran,107603,86143,6640
11/05/2020,Iran,109286,87422,6685
12/05/2020,Iran,110767,88357,6733
22/01/2020,Ireland,0,0,0
23/01/2020,Ireland,0,0,0
24/01/2020,Ireland,0,0,0
25/01/2020,Ireland,0,0,0
26/01/2020,Ireland,0,0,0
27/01/2020,Ireland,0,0,0
28/01/2020,Ireland,0,0,0
29/01/2020,Ireland,0,0,0
30/01/2020,Ireland,0,0,0
31/01/2020,Ireland,0,0,0
01/02/2020,Ireland,0,0,0
02/02/2020,Ireland,0,0,0
03/02/2020,Ireland,0,0,0
04/02/2020,Ireland,0,0,0
05/02/2020,Ireland,0,0,0
06/02/2020,Ireland,0,0,0
07/02/2020,Ireland,0,0,0
08/02/2020,Ireland,0,0,0
09/02/2020,Ireland,0,0,0
10/02/2020,Ireland,0,0,0
11/02/2020,Ireland,0,0,0
12/02/2020,Ireland,0,0,0
13/02/2020,Ireland,0,0,0
14/02/2020,Ireland,0,0,0
15/02/2020,Ireland,0,0,0
16/02/2020,Ireland,0,0,0
17/02/2020,Ireland,0,0,0
18/02/2020,Ireland,0,0,0
19/02/2020,Ireland,0,0,0
20/02/2020,Ireland,0,0,0
21/02/2020,Ireland,0,0,0
22/02/2020,Ireland,0,0,0
23/02/2020,Ireland,0,0,0
24/02/2020,Ireland,0,0,0
25/02/2020,Ireland,0,0,0
26/02/2020,Ireland,0,0,0
27/02/2020,Ireland,0,0,0
28/02/2020,Ireland,0,0,0
29/02/2020,Ireland,1,0,0
01/03/2020,Ireland,1,0,0
02/03/2020,Ireland,1,0,0
03/03/2020,Ireland,2,0,0
04/03/2020,Ireland,6,0,0
05/03/2020,Ireland,6,0,0
06/03/2020,Ireland,18,0,0
07/03/2020,Ireland,18,0,0
08/03/2020,Ireland,19,0,0
09/03/2020,Ireland,21,0,0
10/03/2020,Ireland,34,0,0
11/03/2020,Ireland,43,0,1
12/03/2020,Ireland,43,0,1
13/03/2020,Ireland,90,0,1
14/03/2020,Ireland,129,0,2
15/03/2020,Ireland,129,0,2
16/03/2020,Ireland,169,0,2
17/03/2020,Ireland,223,5,2
18/03/2020,Ireland,292,5,2
19/03/2020,Ireland,557,5,3
20/03/2020,Ireland,683,5,3
21/03/2020,Ireland,785,5,3
22/03/2020,Ireland,906,5,4
23/03/2020,Ireland,1125,5,6
24/03/2020,Ireland,1329,5,7
25/03/2020,Ireland,1564,5,9
26/03/2020,Ireland,1819,5,19
27/03/2020,Ireland,2121,5,22
28/03/2020,Ireland,2415,5,36
29/03/2020,Ireland,2615,5,46
30/03/2020,Ireland,2910,5,54
31/03/2020,Ireland,3235,5,71
01/04/2020,Ireland,3447,5,85
02/04/2020,Ireland,3849,5,98
03/04/2020,Ireland,4273,5,120
04/04/2020,Ireland,4604,25,137
05/04/2020,Ireland,4994,25,158
06/04/2020,Ireland,5364,25,174
07/04/2020,Ireland,5709,25,210
08/04/2020,Ireland,6074,25,235
09/04/2020,Ireland,6574,25,263
10/04/2020,Ireland,8089,25,287
11/04/2020,Ireland,8928,25,320
12/04/2020,Ireland,9655,25,334
13/04/2020,Ireland,10647,25,365
14/04/2020,Ireland,11479,25,406
15/04/2020,Ireland,12547,77,444
16/04/2020,Ireland,13271,77,486
17/04/2020,Ireland,13980,77,530
18/04/2020,Ireland,14758,77,571
19/04/2020,Ireland,15251,77,610
20/04/2020,Ireland,15652,77,687
21/04/2020,Ireland,16040,9233,730
22/04/2020,Ireland,16671,9233,769
23/04/2020,Ireland,17607,9233,794
24/04/2020,Ireland,18184,9233,1014
25/04/2020,Ireland,18561,9233,1063
26/04/2020,Ireland,19262,9233,1087
27/04/2020,Ireland,19648,9233,1102
28/04/2020,Ireland,19877,9233,1159
29/04/2020,Ireland,20253,13386,1190
30/04/2020,Ireland,20612,13386,1232
01/05/2020,Ireland,20833,13386,1265
02/05/2020,Ireland,21176,13386,1286
03/05/2020,Ireland,21506,13386,1303
04/05/2020,Ireland,21772,13386,1319
05/05/2020,Ireland,21983,13386,1339
06/05/2020,Ireland,22248,17110,1375
07/05/2020,Ireland,22385,17110,1403
08/05/2020,Ireland,22541,17110,1429
09/05/2020,Ireland,22760,17110,1446
10/05/2020,Ireland,22996,17110,1458
11/05/2020,Ireland,23135,17110,1467
12/05/2020,Ireland,23242,17110,1488
22/01/2020,Italy,0,0,0
23/01/2020,Italy,0,0,0
24/01/2020,Italy,0,0,0
25/01/2020,Italy,0,0,0
26/01/2020,Italy,0,0,0
27/01/2020,Italy,0,0,0
28/01/2020,Italy,0,0,0
29/01/2020,Italy,0,0,0
30/01/2020,Italy,0,0,0
31/01/2020,Italy,2,0,0
01/02/2020,Italy,2,0,0
02/02/2020,Italy,2,0,0
03/02/2020,Italy,2,0,0
04/02/2020,Italy,2,0,0
05/02/2020,Italy,2,0,0
06/02/2020,Italy,2,0,0
07/02/2020,Italy,3,0,0
08/02/2020,Italy,3,0,0
09/02/2020,Italy,3,0,0
10/02/2020,Italy,3,0,0
11/02/2020,Italy,3,0,0
12/02/2020,Italy,3,0,0
13/02/2020,Italy,3,0,0
14/02/2020,Italy,3,0,0
15/02/2020,Italy,3,0,0
16/02/2020,Italy,3,0,0
17/02/2020,Italy,3,0,0
18/02/2020,Italy,3,0,0
19/02/2020,Italy,3,0,0
20/02/2020,Italy,3,0,0
21/02/2020,Italy,20,0,1
22/02/2020,Italy,62,1,2
23/02/2020,Italy,155,2,3
24/02/2020,Italy,229,1,7
25/02/2020,Italy,322,1,10
26/02/2020,Italy,453,3,12
27/02/2020,Italy,655,45,17
28/02/2020,Italy,888,46,21
29/02/2020,Italy,1128,46,29
01/03/2020,Italy,1694,83,34
02/03/2020,Italy,2036,149,52
03/03/2020,Italy,2502,160,79
04/03/2020,Italy,3089,276,107
05/03/2020,Italy,3858,414,148
06/03/2020,Italy,4636,523,197
07/03/2020,Italy,5883,589,233
08/03/2020,Italy,7375,622,366
09/03/2020,Italy,9172,724,463
10/03/2020,Italy,10149,724,631
11/03/2020,Italy,12462,1045,827
12/03/2020,Italy,12462,1045,827
13/03/2020,Italy,17660,1439,1266
14/03/2020,Italy,21157,1966,1441
15/03/2020,Italy,24747,2335,1809
16/03/2020,Italy,27980,2749,2158
17/03/2020,Italy,31506,2941,2503
18/03/2020,Italy,35713,4025,2978
19/03/2020,Italy,41035,4440,3405
20/03/2020,Italy,47021,4440,4032
21/03/2020,Italy,53578,6072,4825
22/03/2020,Italy,59138,7024,5476
23/03/2020,Italy,63927,7024,6077
24/03/2020,Italy,69176,8326,6820
25/03/2020,Italy,74386,9362,7503
26/03/2020,Italy,80589,10361,8215
27/03/2020,Italy,86498,10950,9134
28/03/2020,Italy,92472,12384,10023
29/03/2020,Italy,97689,13030,10779
30/03/2020,Italy,101739,14620,11591
31/03/2020,Italy,105792,15729,12428
01/04/2020,Italy,110574,16847,13155
02/04/2020,Italy,115242,18278,13915
03/04/2020,Italy,119827,19758,14681
04/04/2020,Italy,124632,20996,15362
05/04/2020,Italy,128948,21815,15887
06/04/2020,Italy,132547,22837,16523
07/04/2020,Italy,135586,24392,17127
08/04/2020,Italy,139422,26491,17669
09/04/2020,Italy,143626,28470,18279
10/04/2020,Italy,147577,30455,18849
11/04/2020,Italy,152271,32534,19468
12/04/2020,Italy,156363,34211,19899
13/04/2020,Italy,159516,35435,20465
14/04/2020,Italy,162488,37130,21067
15/04/2020,Italy,165155,38092,21645
16/04/2020,Italy,168941,40164,22170
17/04/2020,Italy,172434,42727,22745
18/04/2020,Italy,175925,44927,23227
19/04/2020,Italy,178972,47055,23660
20/04/2020,Italy,181228,48877,24114
21/04/2020,Italy,183957,51600,24648
22/04/2020,Italy,187327,54543,25085
23/04/2020,Italy,189973,57576,25549
24/04/2020,Italy,192994,60498,25969
25/04/2020,Italy,195351,63120,26384
26/04/2020,Italy,197675,64928,26644
27/04/2020,Italy,199414,66624,26977
28/04/2020,Italy,201505,68941,27359
29/04/2020,Italy,203591,71252,27682
30/04/2020,Italy,205463,75945,27967
01/05/2020,Italy,207428,78249,28236
02/05/2020,Italy,209328,79914,28710
03/05/2020,Italy,210717,81654,28884
04/05/2020,Italy,211938,82879,29079
05/05/2020,Italy,213013,85231,29315
06/05/2020,Italy,214457,93245,29684
07/05/2020,Italy,215858,96276,29958
08/05/2020,Italy,217185,99023,30201
09/05/2020,Italy,218268,103031,30395
10/05/2020,Italy,219070,105186,30560
11/05/2020,Italy,219814,106587,30739
12/05/2020,Italy,221216,109039,30911
22/01/2020,Russia,0,0,0
23/01/2020,Russia,0,0,0
24/01/2020,Russia,0,0,0
25/01/2020,Russia,0,0,0
26/01/2020,Russia,0,0,0
27/01/2020,Russia,0,0,0
28/01/2020,Russia,0,0,0
29/01/2020,Russia,0,0,0
30/01/2020,Russia,0,0,0
31/01/2020,Russia,2,0,0
01/02/2020,Russia,2,0,0
02/02/2020,Russia,2,0,0
03/02/2020,Russia,2,0,0
04/02/2020,Russia,2,0,0
05/02/2020,Russia,2,0,0
06/02/2020,Russia,2,0,0
07/02/2020,Russia,2,0,0
08/02/2020,Russia,2,0,0
09/02/2020,Russia,2,0,0
10/02/2020,Russia,2,0,0
11/02/2020,Russia,2,0,0
12/02/2020,Russia,2,2,0
13/02/2020,Russia,2,2,0
14/02/2020,Russia,2,2,0
15/02/2020,Russia,2,2,0
16/02/2020,Russia,2,2,0
17/02/2020,Russia,2,2,0
18/02/2020,Russia,2,2,0
19/02/2020,Russia,2,2,0
20/02/2020,Russia,2,2,0
21/02/2020,Russia,2,2,0
22/02/2020,Russia,2,2,0
23/02/2020,Russia,2,2,0
24/02/2020,Russia,2,2,0
25/02/2020,Russia,2,2,0
26/02/2020,Russia,2,2,0
27/02/2020,Russia,2,2,0
28/02/2020,Russia,2,2,0
29/02/2020,Russia,2,2,0
01/03/2020,Russia,2,2,0
02/03/2020,Russia,3,2,0
03/03/2020,Russia,3,2,0
04/03/2020,Russia,3,2,0
05/03/2020,Russia,4,2,0
06/03/2020,Russia,13,2,0
07/03/2020,Russia,13,2,0
08/03/2020,Russia,17,3,0
09/03/2020,Russia,17,3,0
10/03/2020,Russia,20,3,0
11/03/2020,Russia,20,3,0
12/03/2020,Russia,28,3,0
13/03/2020,Russia,45,3,0
14/03/2020,Russia,59,8,0
15/03/2020,Russia,63,8,0
16/03/2020,Russia,90,8,0
17/03/2020,Russia,114,8,0
18/03/2020,Russia,147,8,0
19/03/2020,Russia,199,9,1
20/03/2020,Russia,253,9,1
21/03/2020,Russia,306,12,1
22/03/2020,Russia,367,16,1
23/03/2020,Russia,438,16,1
24/03/2020,Russia,495,22,1
25/03/2020,Russia,658,29,3
26/03/2020,Russia,840,38,3
27/03/2020,Russia,1036,45,4
28/03/2020,Russia,1264,49,4
29/03/2020,Russia,1534,64,8
30/03/2020,Russia,1836,66,9
31/03/2020,Russia,2337,121,17
01/04/2020,Russia,2777,190,24
02/04/2020,Russia,3548,235,30
03/04/2020,Russia,4149,281,34
04/04/2020,Russia,4731,333,43
05/04/2020,Russia,5389,355,45
06/04/2020,Russia,6343,406,47
07/04/2020,Russia,7497,494,58
08/04/2020,Russia,8672,580,63
09/04/2020,Russia,10131,698,76
10/04/2020,Russia,11917,795,94
11/04/2020,Russia,13584,1045,106
12/04/2020,Russia,15770,1291,130
13/04/2020,Russia,18328,1470,148
14/04/2020,Russia,21102,1694,170
15/04/2020,Russia,24490,1986,198
16/04/2020,Russia,27938,2304,232
17/04/2020,Russia,32008,2590,273
18/04/2020,Russia,36793,3057,313
19/04/2020,Russia,42853,3291,361
20/04/2020,Russia,47121,3446,405
21/04/2020,Russia,52763,3873,456
22/04/2020,Russia,57999,4420,513
23/04/2020,Russia,62773,4891,555
24/04/2020,Russia,68622,5568,615
25/04/2020,Russia,74588,6250,681
26/04/2020,Russia,80949,6767,747
27/04/2020,Russia,87147,7346,794
28/04/2020,Russia,93558,8456,867
29/04/2020,Russia,99399,10286,972
30/04/2020,Russia,106498,11619,1073
01/05/2020,Russia,114431,13220,1169
02/05/2020,Russia,124054,15013,1222
03/05/2020,Russia,134687,16639,1280
04/05/2020,Russia,145268,18095,1356
05/05/2020,Russia,155370,19865,1451
06/05/2020,Russia,165929,21327,1537
07/05/2020,Russia,177160,23803,1625
08/05/2020,Russia,187859,26608,1723
09/05/2020,Russia,198676,31916,1827
10/05/2020,Russia,209688,34306,1915
11/05/2020,Russia,221344,39801,2009
12/05/2020,Russia,232243,43512,2116
22/01/2020,Spain,0,0,0
23/01/2020,Spain,0,0,0
24/01/2020,Spain,0,0,0
25/01/2020,Spain,0,0,0
26/01/2020,Spain,0,0,0
27/01/2020,Spain,0,0,0
28/01/2020,Spain,0,0,0
29/01/2020,Spain,0,0,0
30/01/2020,Spain,0,0,0
31/01/2020,Spain,0,0,0
01/02/2020,Spain,1,0,0
02/02/2020,Spain,1,0,0
03/02/2020,Spain,1,0,0
04/02/2020,Spain,1,0,0
05/02/2020,Spain,1,0,0
06/02/2020,Spain,1,0,0
07/02/2020,Spain,1,0,0
08/02/2020,Spain,1,0,0
09/02/2020,Spain,2,0,0
10/02/2020,Spain,2,0,0
11/02/2020,Spain,2,0,0
12/02/2020,Spain,2,0,0
13/02/2020,Spain,2,0,0
14/02/2020,Spain,2,0,0
15/02/2020,Spain,2,2,0
16/02/2020,Spain,2,2,0
17/02/2020,Spain,2,2,0
18/02/2020,Spain,2,2,0
19/02/2020,Spain,2,2,0
20/02/2020,Spain,2,2,0
21/02/2020,Spain,2,2,0
22/02/2020,Spain,2,2,0
23/02/2020,Spain,2,2,0
24/02/2020,Spain,2,2,0
25/02/2020,Spain,6,2,0
26/02/2020,Spain,13,2,0
27/02/2020,Spain,15,2,0
28/02/2020,Spain,32,2,0
29/02/2020,Spain,45,2,0
01/03/2020,Spain,84,2,0
02/03/2020,Spain,120,2,0
03/03/2020,Spain,165,2,1
04/03/2020,Spain,222,2,2
05/03/2020,Spain,259,2,3
06/03/2020,Spain,400,2,5
07/03/2020,Spain,500,30,10
08/03/2020,Spain,673,30,17
09/03/2020,Spain,1073,32,28
10/03/2020,Spain,1695,32,35
11/03/2020,Spain,2277,183,54
12/03/2020,Spain,2277,183,55
13/03/2020,Spain,5232,193,133
14/03/2020,Spain,6391,517,195
15/03/2020,Spain,7798,517,289
16/03/2020,Spain,9942,530,342
17/03/2020,Spain,11748,1028,533
18/03/2020,Spain,13910,1081,623
19/03/2020,Spain,17963,1107,830
20/03/2020,Spain,20410,1588,1043
21/03/2020,Spain,25374,2125,1375
22/03/2020,Spain,28768,2575,1772
23/03/2020,Spain,35136,2575,2311
24/03/2020,Spain,39885,3794,2808
25/03/2020,Spain,49515,5367,3647
26/03/2020,Spain,57786,7015,4365
27/03/2020,Spain,65719,9357,5138
28/03/2020,Spain,73235,12285,5982
29/03/2020,Spain,80110,14709,6803
30/03/2020,Spain,87956,16780,7716
31/03/2020,Spain,95923,19259,8464
01/04/2020,Spain,104118,22647,9387
02/04/2020,Spain,112065,26743,10348
03/04/2020,Spain,119199,30513,11198
04/04/2020,Spain,126168,34219,11947
05/04/2020,Spain,131646,38080,12641
06/04/2020,Spain,136675,40437,13341
07/04/2020,Spain,141942,43208,14045
08/04/2020,Spain,148220,48021,14792
09/04/2020,Spain,153222,52165,15447
10/04/2020,Spain,158273,55668,16081
11/04/2020,Spain,163027,59109,16606
12/04/2020,Spain,166831,62391,17209
13/04/2020,Spain,170099,64727,17756
14/04/2020,Spain,172541,67504,18056
15/04/2020,Spain,177644,70853,18708
16/04/2020,Spain,184948,74797,19315
17/04/2020,Spain,190839,74797,20002
18/04/2020,Spain,191726,74797,20043
19/04/2020,Spain,198674,77357,20453
20/04/2020,Spain,200210,80587,20852
21/04/2020,Spain,204178,82514,21282
22/04/2020,Spain,208389,85915,21717
23/04/2020,Spain,213024,89250,22157
24/04/2020,Spain,202990,92355,22524
25/04/2020,Spain,205905,95708,22902
26/04/2020,Spain,207634,98372,23190
27/04/2020,Spain,209465,100875,23521
28/04/2020,Spain,210773,102548,23822
29/04/2020,Spain,212917,108947,24275
30/04/2020,Spain,213435,112050,24543
01/05/2020,Spain,215216,112050,24543
02/05/2020,Spain,216582,117248,25100
03/05/2020,Spain,217466,118902,25264
04/05/2020,Spain,218011,121343,25428
05/05/2020,Spain,219329,123486,25613
06/05/2020,Spain,220325,126002,25857
07/05/2020,Spain,221447,128511,26070
08/05/2020,Spain,222857,131148,26299
09/05/2020,Spain,223578,133952,26478
10/05/2020,Spain,224350,136166,26621
11/05/2020,Spain,227436,137139,26744
12/05/2020,Spain,228030,138980,26920
22/01/2020,Turkey,0,0,0
23/01/2020,Turkey,0,0,0
24/01/2020,Turkey,0,0,0
25/01/2020,Turkey,0,0,0
26/01/2020,Turkey,0,0,0
27/01/2020,Turkey,0,0,0
28/01/2020,Turkey,0,0,0
29/01/2020,Turkey,0,0,0
30/01/2020,Turkey,0,0,0
31/01/2020,Turkey,0,0,0
01/02/2020,Turkey,0,0,0
02/02/2020,Turkey,0,0,0
03/02/2020,Turkey,0,0,0
04/02/2020,Turkey,0,0,0
05/02/2020,Turkey,0,0,0
06/02/2020,Turkey,0,0,0
07/02/2020,Turkey,0,0,0
08/02/2020,Turkey,0,0,0
09/02/2020,Turkey,0,0,0
10/02/2020,Turkey,0,0,0
11/02/2020,Turkey,0,0,0
12/02/2020,Turkey,0,0,0
13/02/2020,Turkey,0,0,0
14/02/2020,Turkey,0,0,0
15/02/2020,Turkey,0,0,0
16/02/2020,Turkey,0,0,0
17/02/2020,Turkey,0,0,0
18/02/2020,Turkey,0,0,0
19/02/2020,Turkey,0,0,0
20/02/2020,Turkey,0,0,0
21/02/2020,Turkey,0,0,0
22/02/2020,Turkey,0,0,0
23/02/2020,Turkey,0,0,0
24/02/2020,Turkey,0,0,0
25/02/2020,Turkey,0,0,0
26/02/2020,Turkey,0,0,0
27/02/2020,Turkey,0,0,0
28/02/2020,Turkey,0,0,0
29/02/2020,Turkey,0,0,0
01/03/2020,Turkey,0,0,0
02/03/2020,Turkey,0,0,0
03/03/2020,Turkey,0,0,0
04/03/2020,Turkey,0,0,0
05/03/2020,Turkey,0,0,0
06/03/2020,Turkey,0,0,0
07/03/2020,Turkey,0,0,0
08/03/2020,Turkey,0,0,0
09/03/2020,Turkey,0,0,0
10/03/2020,Turkey,0,0,0
11/03/2020,Turkey,1,0,0
12/03/2020,Turkey,1,0,0
13/03/2020,Turkey,5,0,0
14/03/2020,Turkey,5,0,0
15/03/2020,Turkey,6,0,0
16/03/2020,Turkey,18,0,0
17/03/2020,Turkey,47,0,1
18/03/2020,Turkey,98,0,1
19/03/2020,Turkey,192,0,3
20/03/2020,Turkey,359,0,4
21/03/2020,Turkey,670,0,9
22/03/2020,Turkey,1236,0,30
23/03/2020,Turkey,1529,0,37
24/03/2020,Turkey,1872,0,44
25/03/2020,Turkey,2433,26,59
26/03/2020,Turkey,3629,26,75
27/03/2020,Turkey,5698,42,92
28/03/2020,Turkey,7402,70,108
29/03/2020,Turkey,9217,105,131
30/03/2020,Turkey,10827,162,168
31/03/2020,Turkey,13531,243,214
01/04/2020,Turkey,15679,333,277
02/04/2020,Turkey,18135,415,356
03/04/2020,Turkey,20921,484,425
04/04/2020,Turkey,23934,786,501
05/04/2020,Turkey,27069,1042,574
06/04/2020,Turkey,30217,1326,649
07/04/2020,Turkey,34109,1582,725
08/04/2020,Turkey,38226,1846,812
09/04/2020,Turkey,42282,2142,908
10/04/2020,Turkey,47029,2423,1006
11/04/2020,Turkey,52167,2965,1101
12/04/2020,Turkey,56956,3446,1198
13/04/2020,Turkey,61049,3957,1296
14/04/2020,Turkey,65111,4799,1403
15/04/2020,Turkey,69392,5674,1518
16/04/2020,Turkey,74193,7089,1643
17/04/2020,Turkey,78546,8631,1769
18/04/2020,Turkey,82329,10453,1890
19/04/2020,Turkey,86306,11976,2017
20/04/2020,Turkey,90980,13430,2140
21/04/2020,Turkey,95591,14918,2259
22/04/2020,Turkey,98674,16477,2376
23/04/2020,Turkey,101790,18491,2491
24/04/2020,Turkey,104912,21737,2600
25/04/2020,Turkey,107773,25582,2706
26/04/2020,Turkey,110130,29140,2805
27/04/2020,Turkey,112261,33791,2900
28/04/2020,Turkey,114653,38809,2992
29/04/2020,Turkey,117589,44040,3081
30/04/2020,Turkey,120204,48886,3174
01/05/2020,Turkey,122392,53808,3258
02/05/2020,Turkey,124375,58259,3336
03/05/2020,Turkey,126045,63151,3397
04/05/2020,Turkey,127659,68166,3461
05/05/2020,Turkey,129491,73285,3520
06/05/2020,Turkey,131744,78202,3584
07/05/2020,Turkey,133721,82984,3641
08/05/2020,Turkey,135569,86396,3689
09/05/2020,Turkey,137115,89480,3739
10/05/2020,Turkey,138657,92691,3786
11/05/2020,Turkey,139771,95780,3841
12/05/2020,Turkey,141475,98889,3894
22/01/2020,US,1,0,0
23/01/2020,US,1,0,0
24/01/2020,US,2,0,0
25/01/2020,US,2,0,0
26/01/2020,US,5,0,0
27/01/2020,US,5,0,0
28/01/2020,US,5,0,0
29/01/2020,US,5,0,0
30/01/2020,US,5,0,0
31/01/2020,US,7,0,0
01/02/2020,US,8,0,0
02/02/2020,US,8,0,0
03/02/2020,US,11,0,0
04/02/2020,US,11,0,0
05/02/2020,US,11,0,0
06/02/2020,US,11,0,0
07/02/2020,US,11,0,0
08/02/2020,US,11,0,0
09/02/2020,US,11,3,0
10/02/2020,US,11,3,0
11/02/2020,US,12,3,0
12/02/2020,US,12,3,0
13/02/2020,US,13,3,0
14/02/2020,US,13,3,0
15/02/2020,US,13,3,0
16/02/2020,US,13,3,0
17/02/2020,US,13,3,0
18/02/2020,US,13,3,0
19/02/2020,US,13,3,0
20/02/2020,US,13,3,0
21/02/2020,US,15,5,0
22/02/2020,US,15,5,0
23/02/2020,US,15,5,0
24/02/2020,US,51,5,0
25/02/2020,US,51,6,0
26/02/2020,US,57,6,0
27/02/2020,US,58,6,0
28/02/2020,US,60,7,0
29/02/2020,US,68,7,1
01/03/2020,US,74,7,1
02/03/2020,US,98,7,6
03/03/2020,US,118,7,7
04/03/2020,US,149,7,11
05/03/2020,US,217,7,12
06/03/2020,US,262,7,14
07/03/2020,US,402,7,17
08/03/2020,US,518,7,21
09/03/2020,US,583,7,22
10/03/2020,US,959,8,28
11/03/2020,US,1281,8,36
12/03/2020,US,1663,12,41
13/03/2020,US,2179,12,49
14/03/2020,US,2727,12,58
15/03/2020,US,3499,12,73
16/03/2020,US,4632,17,99
17/03/2020,US,6421,17,133
18/03/2020,US,7783,105,164
19/03/2020,US,13747,121,258
20/03/2020,US,19273,147,349
21/03/2020,US,25600,176,442
22/03/2020,US,33276,178,586
23/03/2020,US,43843,178,786
24/03/2020,US,53736,348,1008
25/03/2020,US,65778,361,1316
26/03/2020,US,83836,681,1726
27/03/2020,US,101657,869,2265
28/03/2020,US,121465,1072,2731
29/03/2020,US,140909,2665,3420
30/03/2020,US,161831,5644,4192
31/03/2020,US,188172,7024,5367
01/04/2020,US,213242,8474,6501
02/04/2020,US,243622,9001,7921
03/04/2020,US,275367,9707,9246
04/04/2020,US,308650,14652,10855
05/04/2020,US,336802,17448,12375
06/04/2020,US,366317,19581,13894
07/04/2020,US,397121,21763,16191
08/04/2020,US,428654,23559,18270
09/04/2020,US,462780,25410,20255
10/04/2020,US,496535,28790,22333
11/04/2020,US,526396,31270,24342
12/04/2020,US,555313,32988,26086
13/04/2020,US,580619,43482,27870
14/04/2020,US,607670,47763,30262
15/04/2020,US,636350,52096,32734
16/04/2020,US,667592,54703,34827
17/04/2020,US,699706,58545,37411
18/04/2020,US,732197,64840,39753
19/04/2020,US,758809,70337,40945
20/04/2020,US,784326,72329,42659
21/04/2020,US,811865,75204,45086
22/04/2020,US,840351,77366,47412
23/04/2020,US,869170,80203,49724
24/04/2020,US,905358,99079,51493
25/04/2020,US,938154,100372,53755
26/04/2020,US,965785,106988,54881
27/04/2020,US,988197,111424,56219
28/04/2020,US,1012582,115936,58355
29/04/2020,US,1039909,120720,60967
30/04/2020,US,1069424,153947,62996
01/05/2020,US,1103461,164015,64943
02/05/2020,US,1132539,175382,66369
03/05/2020,US,1158040,180152,67682
04/05/2020,US,1180375,187180,68922
05/05/2020,US,1204351,189791,71064
06/05/2020,US,1229331,189910,73455
07/05/2020,US,1257023,195036,75662
08/05/2020,US,1283929,198993,77180
09/05/2020,US,1309550,212534,78795
10/05/2020,US,1329260,216169,79526
11/05/2020,US,1347881,232733,80682
12/05/2020,US,1369376,230287,82356
22/01/2020,United Kingdom,0,0,0
23/01/2020,United Kingdom,0,0,0
24/01/2020,United Kingdom,0,0,0
25/01/2020,United Kingdom,0,0,0
26/01/2020,United Kingdom,0,0,0
27/01/2020,United Kingdom,0,0,0
28/01/2020,United Kingdom,0,0,0
29/01/2020,United Kingdom,0,0,0
30/01/2020,United Kingdom,0,0,0
31/01/2020,United Kingdom,2,0,0
01/02/2020,United Kingdom,2,0,0
02/02/2020,United Kingdom,2,0,0
03/02/2020,United Kingdom,2,0,0
04/02/2020,United Kingdom,2,0,0
05/02/2020,United Kingdom,2,0,0
06/02/2020,United Kingdom,2,0,0
07/02/2020,United Kingdom,3,0,0
08/02/2020,United Kingdom,3,0,0
09/02/2020,United Kingdom,3,0,0
10/02/2020,United Kingdom,8,0,0
11/02/2020,United Kingdom,8,0,0
12/02/2020,United Kingdom,9,1,0
13/02/2020,United Kingdom,9,1,0
14/02/2020,United Kingdom,9,1,0
15/02/2020,United Kingdom,9,1,0
16/02/2020,United Kingdom,9,8,0
17/02/2020,United Kingdom,9,8,0
18/02/2020,United Kingdom,9,8,0
19/02/2020,United Kingdom,9,8,0
20/02/2020,United Kingdom,9,8,0
21/02/2020,United Kingdom,9,8,0
22/02/2020,United Kingdom,9,8,0
23/02/2020,United Kingdom,9,8,0
24/02/2020,United Kingdom,13,8,0
25/02/2020,United Kingdom,13,8,0
26/02/2020,United Kingdom,13,8,0
27/02/2020,United Kingdom,15,8,0
28/02/2020,United Kingdom,20,8,0
29/02/2020,United Kingdom,23,8,0
01/03/2020,United Kingdom,36,8,0
02/03/2020,United Kingdom,40,8,0
03/03/2020,United Kingdom,51,8,0
04/03/2020,United Kingdom,85,8,0
05/03/2020,United Kingdom,115,8,0
06/03/2020,United Kingdom,163,8,1
07/03/2020,United Kingdom,206,18,2
08/03/2020,United Kingdom,273,18,2
09/03/2020,United Kingdom,321,18,3
10/03/2020,United Kingdom,382,18,7
11/03/2020,United Kingdom,456,18,7
12/03/2020,United Kingdom,456,18,9
13/03/2020,United Kingdom,798,18,10
14/03/2020,United Kingdom,1140,18,28
15/03/2020,United Kingdom,1140,18,43
16/03/2020,United Kingdom,1543,20,65
17/03/2020,United Kingdom,1950,52,81
18/03/2020,United Kingdom,2626,65,115
19/03/2020,United Kingdom,2689,65,158
20/03/2020,United Kingdom,3983,65,194
21/03/2020,United Kingdom,5018,65,250
22/03/2020,United Kingdom,5683,65,285
23/03/2020,United Kingdom,6650,65,359
24/03/2020,United Kingdom,8077,135,508
25/03/2020,United Kingdom,9529,135,694
26/03/2020,United Kingdom,11658,135,877
27/03/2020,United Kingdom,14543,135,1161
28/03/2020,United Kingdom,17089,135,1455
29/03/2020,United Kingdom,19522,135,1669
30/03/2020,United Kingdom,22141,135,2043
31/03/2020,United Kingdom,25150,135,2425
01/04/2020,United Kingdom,29474,135,3095
02/04/2020,United Kingdom,33718,135,3747
03/04/2020,United Kingdom,38168,135,4461
04/04/2020,United Kingdom,41903,135,5221
05/04/2020,United Kingdom,47806,135,5865
06/04/2020,United Kingdom,51608,135,6433
07/04/2020,United Kingdom,55242,135,7471
08/04/2020,United Kingdom,60733,135,8505
09/04/2020,United Kingdom,65077,135,9608
10/04/2020,United Kingdom,73758,344,10760
11/04/2020,United Kingdom,78991,344,11599
12/04/2020,United Kingdom,84279,344,12285
13/04/2020,United Kingdom,88621,0,13029
14/04/2020,United Kingdom,93873,0,14073
15/04/2020,United Kingdom,98476,0,14915
16/04/2020,United Kingdom,103093,0,15944
17/04/2020,United Kingdom,108692,0,16879
18/04/2020,United Kingdom,114217,0,17994
19/04/2020,United Kingdom,120067,0,18492
20/04/2020,United Kingdom,124743,0,19051
21/04/2020,United Kingdom,129044,0,20223
22/04/2020,United Kingdom,133495,0,21060
23/04/2020,United Kingdom,138078,0,21787
24/04/2020,United Kingdom,143464,0,22792
25/04/2020,United Kingdom,148377,0,23635
26/04/2020,United Kingdom,152840,0,24055
27/04/2020,United Kingdom,157149,0,24393
28/04/2020,United Kingdom,161145,0,25302
29/04/2020,United Kingdom,165221,0,26097
30/04/2020,United Kingdom,171253,0,26771
01/05/2020,United Kingdom,177454,0,27510
02/05/2020,United Kingdom,182260,0,28131
03/05/2020,United Kingdom,186599,0,28446
04/05/2020,United Kingdom,190584,0,28734
05/05/2020,United Kingdom,194990,0,29427
06/05/2020,United Kingdom,201101,0,30076
07/05/2020,United Kingdom,206715,0,30615
08/05/2020,United Kingdom,211364,0,31241
09/05/2020,United Kingdom,215260,0,31587
10/05/2020,United Kingdom,219183,0,31855
11/05/2020,United Kingdom,223060,0,32065
12/05/2020,United Kingdom,226463,0,32692
